document,source_id,kind,section,line,title,fingerprint,curated_specs
PRD-MAIN,AC-ACC-001,acceptance-block,19.0 要求、范围、覆盖和认可,1114,报告行认可门禁,9b7be2403049c63fdf055647613828f460e721735c353a6f942a829a992f1580,
PRD-MAIN,AC-AI-001,acceptance-block,19.1 产品、AI 和报价,1125,图片近似报价 BOM,676dbda64b4c6536eb85066479998b6a011bb8a0cf7fcbfd81b0547e2b9718dd,
PRD-MAIN,AC-AI-002,acceptance-block,19.1 产品、AI 和报价,1128,事实类别不得提升,5074e591582962940fc63667d45787b057ded0d9b7cdb6aa00013513025f7767,
PRD-MAIN,AC-AI-003,acceptance-block,19.1 产品、AI 和报价,1131,失败关闭,7a97051a9a9b190367ff7dcf5da8fb2b92e764f8647d377f414cff857e68f3bc,
PRD-MAIN,AC-ALLOC-001,acceptance-block,19.4 发票、应收和对账,1247,核销原子性,a7c076694646a1250f0223e128158209cdcdfbe48309544dd92849b3804039cc,
PRD-MAIN,AC-AR-001,acceptance-block,19.4 发票、应收和对账,1241,唯一余额影响,67c2767b800c68391ce3e922a038e6a7c8fb6b5235e361591e66a025d729e1b1,
PRD-MAIN,AC-AUTO-001,acceptance-block,19.2 收样、拆解和谱系,1202,DVP&R 多对多闭环,b6146605fc8a267d1a4a472d1d509239861ae4a80c98d6a5b1be13b8d2fa8b42,
PRD-MAIN,AC-AUTO-002,acceptance-block,19.2 收样、拆解和谱系,1205,运行中干预和配置重建,d934bb6d7c5cab3506d6fc1eabb2e6e22fb456bcf58749a804f4706b940c8fd0,
PRD-MAIN,AC-BATCH-001,acceptance-block,19.2 收样、拆解和谱系,1160,批次 QC 影响传播,01cc2441ea0aa368de478813c958a4c96fa5ce726341f04f899e3ea10d111c6e,
PRD-MAIN,AC-BILL-001,acceptance-block,19.4 发票、应收和对账,1232,防重复计费,edba3d5f98b453afe5efd126f74962ebe1c577a35a597ffd81a19fb37b3a0890,
PRD-MAIN,AC-COMP-001,acceptance-block,19.3 检测、QC 和报告,1219,复合样结果归属,52f161f5a52a7cc3c697750dae06887ca178c5e2159aadc1c20ebfb2571e37ad,
PRD-MAIN,AC-COMPOSE-001,acceptance-block,19.2 收样、拆解和谱系,1184,多行业包组合,530241a9ed933edc59b3eaa0976f4357e11afaacd438df87ed6b96c02aab86ba,
PRD-MAIN,AC-CONF-001,acceptance-block,19.0 要求、范围、覆盖和认可,1117,结论层级分离,128d2b59e95b81fe87f8b2d6a5d4639e2f6d9a2bd2a2f4ee0ba9f6c1a20d446a,
PRD-MAIN,AC-CONFIG-001,acceptance-block,19.2 收样、拆解和谱系,1187,受试配置冻结,d22b389b5b5a54dc9ea59e92cb8e5dc5cf7704c952690f09919ec8131be63d1c,
PRD-MAIN,AC-CONTACT-001,acceptance-block,19.2 收样、拆解和谱系,1175,重复迁移全链,18122057126c256bb4aaed3aaaafc7de396e72fb00194dff25c5776166393114,
PRD-MAIN,AC-COV-001,acceptance-block,19.0 要求、范围、覆盖和认可,1111,代表性失效,94d75f63bf9540747779e4eaa97c86a22d147ecd02d34869a6885abb3061a44b,
PRD-MAIN,AC-DEGRADE-001,acceptance-block,19.5 安全、AI 降级和恢复,1267,AI 降级,481fc709ea49d26f296906f09fbc6c191629f7032abb6f9abfc68488c832a268,
PRD-MAIN,AC-DEPLOY-001,acceptance-block,19.5 安全、AI 降级和恢复,1261,集团间独立数据平面,fb46f635b59d966f95aabe2385c0d7a387a55a57c964cb2d3aaf371f57c0f8b8,AC-DEPLOY-001@0.1.0;AC-DEPLOY-001@1.0.0;ATC-PLT-000@0.1.0;ATC-PLT-000@1.0.0
PRD-MAIN,AC-DIS-001,acceptance-block,19.2 收样、拆解和谱系,1145,拆解可选,9d21005e5aca48a10614625cf3662da650336d827d38b2aaf61ba5f26928bf29,
PRD-MAIN,AC-ELEC-001,acceptance-block,19.2 收样、拆解和谱系,1190,EMC 扫描多源结果,cba441f0947436dbfa8d13a2ced716c39b90d74f3a9edc2ad5913d90d8bf1d18,
PRD-MAIN,AC-ELEC-002,acceptance-block,19.2 收样、拆解和谱系,1193,型号覆盖局部失效,1206ea2b0c9d24b70d85e22d6fbfd2baa9cb7d27c7422804a06cf4d2a1b17ca0,
PRD-MAIN,AC-ELEC-003,acceptance-block,19.2 收样、拆解和谱系,1196,破坏顺序与样品资格,0d95ce84dd323cc6a0fc8be5b90aa91a5f17c1d0e85c521f235baa0e752bc752,
PRD-MAIN,AC-ERP-001,acceptance-block,19.4 发票、应收和对账,1253,ERP 同步状态,3091bf63218aad3f1461c58d318c0f0f739223a9d2b31f1fe3b23aba6a4314a9,
PRD-MAIN,AC-ID-001,acceptance-block,19.2 收样、拆解和谱系,1142,身份错配,dd8a93c8071ea0853e2c8aba028dd66161921ff5e40dfe65482386108a74cc35,AC-ID-001@0.1.0;ATC-REC-004@0.1.0;ATC-REC-004@1.0.0
PRD-MAIN,AC-INV-001,acceptance-block,19.4 发票、应收和对账,1235,并发开票,1567a481a013a3ef65236f54ee94b5cb1ce71990e321c8246ff218f419f0da2a,
PRD-MAIN,AC-INV-002,acceptance-block,19.4 发票、应收和对账,1238,税票结果未知,64a67295924165ce9dc7e04edbd088c12f788601031f465e64d78275c284c487,
PRD-MAIN,AC-LIN-001,acceptance-block,19.2 收样、拆解和谱系,1148,多关系建模,edaa0c9cfb90e3b5ea21b563c197a8ccf09e5ef22a476a0d157b78be5ed0eba2,
PRD-MAIN,AC-LONGRUN-001,acceptance-block,19.2 收样、拆解和谱系,1199,长周期运行中断,37a4f4c91f8066f0486f02081dcf2b33e544ae95f1dcfd125ca62f38389d04d4,
PRD-MAIN,AC-PAY-001,acceptance-block,19.4 发票、应收和对账,1244,收款最终性,608904ee5fd74c97253c0abf399ac4ea50c2cadc3b0f2f3ae6f40624ef0c22d2,
PRD-MAIN,AC-PROD-001,acceptance-block,19.1 产品、AI 和报价,1122,对象区分,3c97f0e25d1f07effbce046584fc6453f88281b2af632413c8ab1332beb0b658,
PRD-MAIN,AC-QC-001,acceptance-block,19.3 检测、QC 和报告,1213,QC 阻断,3fb399d4e09306619dc091c62a8cf9332415c116ab435d125c5e6a86f71bb287,
PRD-MAIN,AC-QTY-001,acceptance-block,19.2 收样、拆解和谱系,1151,并发超分配,7181e6405ac3b428de292379613393cde5ccc667b848aae38b9c2e4681fd47c0,
PRD-MAIN,AC-QTY-002,acceptance-block,19.2 收样、拆解和谱系,1154,允许损耗,e0105ab2978b889b752a46a36235fa35847f99ee837ea38f68ab1b144b4c786f,
PRD-MAIN,AC-QUOTE-001,acceptance-block,19.1 产品、AI 和报价,1134,近似与正式报价分离,b6daa626666efa3681e0b60d38b5d3beed5391d09ede99f663e4eef1d4e4e531,
PRD-MAIN,AC-REC-001,acceptance-block,19.2 收样、拆解和谱系,1139,隔离控制,8f4060da7e31c38cd465032f764298fe9bed0ee06b450bbea3ccd03a71eb91da,AC-REC-001@0.1.0;ATC-REC-003@0.1.0;ATC-REC-003@1.0.0
PRD-MAIN,AC-RECOVERY-001,acceptance-block,19.5 安全、AI 降级和恢复,1270,灾难恢复一致性,c81315fef58c3cce33f0132953a72a842d30d140ba7891bbb3f2b31f2e850a75,
PRD-MAIN,AC-REQ-001,acceptance-block,19.0 要求、范围、覆盖和认可,1105,标准生命周期,9a2f1a74ecfcc58ab59dbb904063fcf8e60ed7193360425469af953b1eef2055,
PRD-MAIN,AC-RETEST-001,acceptance-block,19.3 检测、QC 和报告,1216,复测采用,8ef4c7c023eb8cf25f2cf837df0fba2b99bc4a79056ba322bd479ab14dc07a91,
PRD-MAIN,AC-RPT-001,acceptance-block,19.3 检测、QC 和报告,1222,签发关口,895c36ef837a7a548b3c15351bfbbe2a9b2845f6a0b6afd9a3c49e661b3459de,
PRD-MAIN,AC-RPT-002,acceptance-block,19.3 检测、QC 和报告,1225,更正版本,c53fe5580be1fb5b91e9fe5044bf77dc2c685aa2173eb78a3d8bdc1519194811,
PRD-MAIN,AC-SCOPE-001,acceptance-block,19.0 要求、范围、覆盖和认可,1108,范围行全链,884daaf2c6b97bd4789897da9c19c98543e3fa0f96197509c7389308a48d96a4,
PRD-MAIN,AC-SEC-001,acceptance-block,19.5 安全、AI 降级和恢复,1258,集团内多维越权防护,7f1ff95a65eb1d1fcc23e6d55d3f8acfb9c70c794c7bd7a1a0512b1ab1fee267,AC-SEC-001@0.1.0
PRD-MAIN,AC-SEC-002,acceptance-block,19.5 安全、AI 降级和恢复,1264,间接提示注入,ce6a60d3d1a43cae0b99bcb5b6b52341d79a7eeafd20253a510df048a7fa96c4,
PRD-MAIN,AC-STATE-001,acceptance-block,19.2 收样、拆解和谱系,1157,顺序性试验状态,8aff0645546f3fd33231331914f8c8f0d4424fde518b9ab9bee1614bb77b9dd3,
PRD-MAIN,AC-STMT-001,acceptance-block,19.4 发票、应收和对账,1250,客户对账单守恒,531d296b60b7a7f7b4b622cfe9efd12e9a7d2b8fc6cfdc969f3b89e02f46db7e,
PRD-MAIN,AC-TEXTILE-001,acceptance-block,19.2 收样、拆解和谱系,1163,样品不足与互斥裁样,654411d2f0f2787d8d9cfdb0cca8c060aaff5ad95c3b47e1a195cfd92964e218,
PRD-MAIN,AC-TEXTILE-002,acceptance-block,19.2 收样、拆解和谱系,1166,代表色依据失效,cd43787873dfb56b9bcc94146ec2b9f2047af8ac145d4456e603ce0d237d41cf,
PRD-MAIN,AC-TEXTILE-003,acceptance-block,19.2 收样、拆解和谱系,1169,裁样方向与预处理超差,c8fc9e69b9a72cca5dab0618d8a948ba225939bcb5bca11dc820a5a02218cf4a,
PRD-MAIN,AC-TEXTILE-004,acceptance-block,19.2 收样、拆解和谱系,1172,实测与覆盖范围披露,946abf2cf21c01b2ebd03b2a0dc6618a63b75d8d794bb205b3fc0d8a4d9aeaeb,
PRD-MAIN,AC-TOY-001,acceptance-block,19.2 收样、拆解和谱系,1178,年龄决定变更影响,326f2b335e41614fa2e027b281812ac1dc0a7329f50ea3baacb3e948d9e35c2f,
PRD-MAIN,AC-TOY-002,acceptance-block,19.2 收样、拆解和谱系,1181,可接触性与测试单元,0b2f59ece33db722429c13f5289952bbc1bb2a551bcb96c52344d9d1efe89c44,
PRD-MAIN,AC-TRACE-001,acceptance-block,19.3 检测、QC 和报告,1210,全链追溯,038a16685546a484445437c4a3c6ce3ca5b4d9f8e3bf085169938d3450b9b4a2,
PRD-MAIN,AI-BOM-001,table-row,12.3 可选 AI 近似报价 BOM,724,系统必须把 AI 近似报价 BOM 标识为近似、非约束、未验证且仅用于报价支持,1a02ec48f5afea9417286205f5f8c26f8ea5f6078cd4fb0f5dc39d82a27a9f78,
PRD-MAIN,AI-BOM-002,table-row,12.3 可选 AI 近似报价 BOM,725,系统必须将每项内容分类为观察、假设或验证事实,682aad03e63521804f5cbdb68bbd79e910eb53657c34d52850975dda03523787,
PRD-MAIN,AI-BOM-003,table-row,12.3 可选 AI 近似报价 BOM,726,系统必须为图片观察保存原图哈希、页帧号和归一化证据区域坐标,66c8e129bc8f82e4193624de0ce2775cc20335e0391dd17596acaca5bd567b25,
PRD-MAIN,AI-BOM-004,table-row,12.3 可选 AI 近似报价 BOM,727,系统必须为不确定输入生成候选分支、范围或弃权，不得隐藏为单一确定答案,bcfde77caaecd463627a0938fb63a87e9ae67025f51136fd8b66f0c8c85b91ce,
PRD-MAIN,AI-BOM-005,table-row,12.3 可选 AI 近似报价 BOM,728,系统必须分别记录可见数量、推断数量和未知数量,57bf497010dd09bf3cabbf972fbe4af91bafea8d39d31513833f13dda643d5a3,
PRD-MAIN,AI-BOM-006,table-row,12.3 可选 AI 近似报价 BOM,729,系统必须阻止 AI 推断形成正式测试任务、采购动作、结果或财务交易,29f204073257d4522af3d5cf7006fb6882b1c329bf9627c739ae2da7a2651e8c,
PRD-MAIN,AI-BOM-007,table-row,12.3 可选 AI 近似报价 BOM,730,系统必须保存模型、网关路由、提示模板、输出模式、输入版本和人工处置记录,670dbe4169d0c68822406d4990a02463e9b6a1f619ddb1ca5416bbb11f499f65,
PRD-MAIN,AI-BOM-008,table-row,12.3 可选 AI 近似报价 BOM,731,系统必须在输出模式验证或必需来源缺失时失败关闭,e4c946bfc67ab4d2be58ce452345cff669ac5313defd1c3ec5905b8f278246b1,
PRD-MAIN,AI-BOM-009,table-row,12.3 可选 AI 近似报价 BOM,732,系统必须支持评估员接受、修改、拆分、合并和拒绝候选项,61ea3234b3d4e84cfdd49c2150c4f0b70655f1c2f5dbf9caa0fa9c5276101da0,
PRD-MAIN,AI-BOM-010,table-row,12.3 可选 AI 近似报价 BOM,733,系统必须在人工修改后保留 AI 原值、人工值、原因和责任人,718abd4a301be8e21b768ba9f109c400827cfd3f9de07cfc831484c22ad4103b,
PRD-MAIN,AI-BOM-011,table-row,12.3 可选 AI 近似报价 BOM,734,系统应当展示 AI 近似报价 BOM 与观察结构的差异，但不得覆盖任一历史版本,744e80990a7d7a41cc26e36d25e67756f8a0e86add8e598ed3726dcb9398c2ad,
PRD-MAIN,AI-BOM-012,table-row,12.3 可选 AI 近似报价 BOM,735,系统不得将 AI 近似报价 BOM 用于发布、采购、检测执行或受控记录修改,561e271054f4b29125399532d95828a70b5ee0a17850dc0d958d7c3a4d3b2b85,
PRD-MAIN,AI-BOM-013,table-row,12.3 可选 AI 近似报价 BOM,736,系统必须阻止 AI 近似报价 BOM 自动形成 RequirementSet、TestScopeMatrix、CoverageDecision、限值、判定或认可声明,1b4b368bbecdda754258f8de7e060df32e13056d165f482ad432929d5384d36f,
PRD-MAIN,AI-BOM-014,table-row,12.3 可选 AI 近似报价 BOM,737,系统必须在启动前校验获批品类、客户/数据许可、可用人工复核人和业务停止条件；任一条件不满足时不得运行,f4c023612b5b703e8c237fff833c8dee4373825872c6a47cad647721d0844a1a,
PRD-MAIN,BP-001,table-row,5. 业务原则,155,客户声明、AI 推断、实验室观察、权威来源验证和人员批准必须分别保存,c98d7d54ecb7e049d78c2537a1ab9719c3f2cc2674f5a618edc032ff0b5ae583,
PRD-MAIN,BP-002,table-row,5. 业务原则,156,产品语义结构与物理样品谱系必须分离,aac707b16ac4e77a6844b79a582a5fccc28afa6730e5156bb2860facb7d62333,
PRD-MAIN,BP-003,table-row,5. 业务原则,157,报告展示聚合不得改变底层结果归属,d75824249f8660e8b0cd61942360fc17b3f06bad20dc7279471796b1ec18c712,
PRD-MAIN,BP-004,table-row,5. 业务原则,158,已发生的接收、拆解、检测、数量和财务交易不得物理删除,93a9cb1e86fe6b258da5efa22ab036b636b672403b8588a26c060d082f64e73d,
PRD-MAIN,BP-005,table-row,5. 业务原则,159,更正必须通过新版本、调整、冲销或反向交易完成,e6e1934a2994795c0e69cd88ad4f531c98f76759364dc860cf350a0adbe8f75f,
PRD-MAIN,BP-006,table-row,5. 业务原则,160,AI 输出始终是候选；人工接受不自动改变其事实类别,d4d3b70f3228c2194f48fb896120a8c6f9d0f6e16d90864562c943d2ed905673,
PRD-MAIN,BP-007,table-row,5. 业务原则,161,拆解是按检测方案触发的可选操作，不是所有产品的必经步骤,ef8eb871c0c50c5119a7d34a260ddd4a4e5e31963054a985d20ea761cf7cec20,
PRD-MAIN,BP-008,table-row,5. 业务原则,162,数量余额必须由不可变流水推导；超出配置公差才阻断,210ebbab6fbaec157ac772c945086f922f03d5f7fb10a87491d96b2a5af61310,
PRD-MAIN,BP-009,table-row,5. 业务原则,163,任何可报告结果必须存在唯一且有效的采用链路,327ce55d5cd6d6c58dd028c1082905ff2d5c58ef58e2c2205e3fe06975ce29b8,
PRD-MAIN,BP-010,table-row,5. 业务原则,164,运营财务是业务子账，不是总账；会计凭证和法定总账由 ERP 管理,1d8b9a49e9d9191b95ce781a6365c298a16dd0a06612165e7a4a5dbcf5097ebb,
PRD-MAIN,BP-011,table-row,5. 业务原则,165,关键外部接口必须幂等、可回查、可重试和可对账,def5e6a0cd22a425c70742e8010a50843ac10d855a820235561739cae1577d39,
PRD-MAIN,BP-012,table-row,5. 业务原则,166,汇总状态由子对象状态确定性计算，不得由用户直接改写,075a598290c056b54b65a1dbd6089c4f10981c29f13de6374d24d15e21b099d6,
PRD-MAIN,BP-013,table-row,5. 业务原则,167,检测范围必须从受控要求、送检对象特征、方法、样品需求、代表性、判定和报告位置共同形成，不得仅由项目名称或客户勾选直接生成任务,1d312bd62f1333a8dcdb7cf3a4f5612975d4137448c17c648168cda538f27632,
PRD-MAIN,BP-014,table-row,5. 业务原则,168,客户 BOM、图片、AI 推断或历史套餐均不得自动决定法规/标准适用性、认可范围、限值或符合性结论,701c772336cc0d5fa20c42d8476f927d9434c2e569027152769eeaa1d2b16c53,
PRD-MAIN,BP-015,table-row,5. 业务原则,169,标准发布日期、实施日期、废止/替代、过渡期、客户指定版和委托冻结版必须分别管理；新版本不得静默改变进行中委托,13849fd9aa5fa2f39bada2f6f611012d021c7eb227a30a84357646b177c041bc,
PRD-MAIN,BP-016,table-row,5. 业务原则,170,代表性覆盖必须记录被测对象、被覆盖对象、危险域/项目范围、依据、批准人、排除项和失效条件,7124328af516982ad22b018158cc3c736383122e2ac49ab20aabb9e176497a32,
PRD-MAIN,BP-017,table-row,5. 业务原则,171,原始/计算结果、符合性判定和已测试范围结论必须分层；外部或另行授权的全面法规评估/认证状态只可作为独立受控引用，不得由检测报告自动推导，检测报告不得等同于认证证书或全面合规声明,62377e2147866beb0d9b6bc65143968b9640e58bccb1c9e58c8f794860b4393c,
PRD-MAIN,BP-018,table-row,5. 业务原则,172,样品追踪粒度、计量维度和守恒精度按方法风险配置；不得对非破坏性或不可合理计量场景制造伪精确数量,c81bae0b8328000c5bb801b7f02c53cbb2dbb53412c30d88f9f67297ca565e1a,
PRD-MAIN,BP-019,table-row,5. 业务原则,173,行业包和技术包不得另建平行的委托、结果、报告、权限或审计状态机，也不得绕过平台关口,b73f6b1ad86b8f08ad15e6cee5f72260d2e2de466f0926d8f4289b81bcb23a76,
PRD-MAIN,BP-020,table-row,5. 业务原则,174,认可标识和授权必须按报告行涉及的实验室、方法版本、产品/基质、参数/量程、有效期和签字人校验，不得使用机构级布尔值替代,9d918742a05a751fc1c708f02599c75c6409a3d09864617cb4c7aab235852fff,
PRD-MAIN,BUS-CAP-001,table-row,12.1 范围、产品与结构,692,系统必须在正式报价前记录实验室能力、认可范围、方法、人员/设备、分包、样品量、交期和保密评审结果,50ec533080267a33bc75342ec02df8ee74d225093bc7bf2f9f9f2a04b327f169,
PRD-MAIN,BUS-COV-001,table-row,12.1 范围、产品与结构,696,系统必须将代表样、被覆盖对象、适用危险域/项目、理由、批准、排除项和失效条件作为版本化 CoverageDecision 管理,5ad2b268652e60b475315e4e20a98a9ef957f0bb9a73819dfad1b71a3fd04b3d,
PRD-MAIN,BUS-COV-002,table-row,12.1 范围、产品与结构,697,覆盖输入、产品/材料/配置版本或适用规则变化时，系统必须使受影响覆盖决定进入待重新评估状态,a9c769aef02faccbca356c0f8abfdff27b575c5d28c70b9091ca9bbe7e6a600f,
PRD-MAIN,BUS-DOMAIN-001,table-row,12.1 范围、产品与结构,684,系统必须按部署集团获批业务域、行业包和实验室能力配置允许的委托类型；排除域默认禁用，但不得把产品路线图排除项硬编码为不可扩展的永久禁令,65b56e0f875b31e0ff086b91af8d144bac7ef264fe47757b2f432e264c0edb19,
PRD-MAIN,BUS-DOMAIN-002,table-row,12.1 范围、产品与结构,685,同一送检项/收到的实物必须允许同时启用多个行业包和技术包，共享同一物理身份、谱系、数量及保管链；各包拥有独立范围行和结论，不得复制样品或相互覆盖,ccf179f8412f680394d814196a62246223de45ccb9cfc7ff960c98eef9bf43fb,
PRD-MAIN,BUS-METHOD-001,table-row,12.1 范围、产品与结构,691,系统必须将要求、检测套餐、方法及选项、限值、计算、判定规则和样品需求作为独立版本对象管理,d46cd44fa91e8b25b3d7da27ecbee90c549a58c4ad5b591344dd309f25b41e32,
PRD-MAIN,BUS-PARTY-001,table-row,12.1 范围、产品与结构,686,系统必须分别管理申请方、付款方、品牌/项目所有者、制造商、工厂、样品提供者、报告抬头和报告接收方等参与方角色及有效期,4193a9edde11ea0b2b67a68c52bac30b8b6276998764038ac85f53406c5ad964,
PRD-MAIN,BUS-PROD-001,table-row,12.1 范围、产品与结构,698,系统必须分别保存客户原始描述和实验室受控的送检项/产品变体快照,9b6af425930ba1358b2f4f8be0e78e53d6213074ddb077735feffe9f7921253a,
PRD-MAIN,BUS-PROD-002,table-row,12.1 范围、产品与结构,699,系统必须对送检项、产品变体、特征节点、检测范围矩阵及启用的逻辑产品 BOM/检测分解执行版本控制,d73455211b2ef220f8f75cfb6edfc8bca9017455f7678df7f71b22e138bb6109,
PRD-MAIN,BUS-PROD-003,table-row,12.1 范围、产品与结构,700,系统必须对已被委托、范围、任务或报告引用的送检项/产品变体版本禁止原地修改,a041a9f9409bb4a35cb261e1c71a08027dae6e3aa7a164686062a2840eacaf69,BUS-PROD-003@0.1.0
PRD-MAIN,BUS-PROD-004,table-row,12.1 范围、产品与结构,701,系统必须将产品/材料/部位/配置等语义特征节点与物理样品对象分开存储,64e6e9a6cf39ad7f937b4c1761170719671c1c0b1c24325edea1d5b83fa68e1a,
PRD-MAIN,BUS-PROD-005,table-row,12.1 范围、产品与结构,702,在适用行业启用时，系统必须记录客户 BOM、AI 近似报价 BOM、检测分解、观察结构和范围行之间的版本化映射,5a3106ce0f0fb48c0bf27eb46758ce44c583d7a6737bd36841037cc266c6b9fa,
PRD-MAIN,BUS-PROD-006,table-row,12.1 范围、产品与结构,703,系统应当支持型号继承、差异节点和项目特定的等效关系,8fad6c21ca0a14286d2f06dcecf115bcb617dc36db929629857f49ac1507f87c,
PRD-MAIN,BUS-PROD-007,table-row,12.1 范围、产品与结构,704,在启用层级产品结构时，系统必须限制单产品版本的最大层级和节点数，并由批准容量基线配置,7a2dfa2f7ab11a9b06e6d2515bbdb95c8dc1dd6aca471b9e9301f7331cb6ecd7,
PRD-MAIN,BUS-QUOTE-001,table-row,12.2 询价、报价和变更,710,系统必须为每个询价生成不可复用的业务编号,4ec566d943a67acfaa03639d5591263f5a51f40133e976ba4c7226047a051b33,
PRD-MAIN,BUS-QUOTE-002,table-row,12.2 询价、报价和变更,711,系统必须在进入评估前校验客户、产品类别、数量、检测目的、期望周期和最低资料集,bb3218fe2a8b4ff99c5e6860c0618659f18a329d4d3ad6317582b91856a789dd,
PRD-MAIN,BUS-QUOTE-003,table-row,12.2 询价、报价和变更,712,系统必须将近似预算与正式报价作为不同对象和状态管理,a1777fcc02ad7d085e1ab337eafea90b3d89a52083339a7657fa7fe903a6935c,
PRD-MAIN,BUS-QUOTE-004,table-row,12.2 询价、报价和变更,713,系统必须在近似预算中显示价格区间、假设、排除项、版本和非约束声明,1dd2b5ea925d69ec0e80eff7419adce2ab2ac1eb4fb31fcaec506016a8984471,
PRD-MAIN,BUS-QUOTE-005,table-row,12.2 询价、报价和变更,714,系统必须冻结已批准正式报价版本,aaf7bfac32e5b7c1d92333b74e0c2ea3e8e8032db8c9aa38feae6f930f2284f4,
PRD-MAIN,BUS-QUOTE-006,table-row,12.2 询价、报价和变更,715,系统必须通过变更单处理已接受报价后的范围、数量、方法、价格或周期变化,44d5fd376a0de97299f64dd19d8b18e6f8cc16173de4a236b9384040e73c9196,
PRD-MAIN,BUS-QUOTE-007,table-row,12.2 询价、报价和变更,716,系统必须对变更生成价格、周期、样品需求、在制工作和报告影响清单,1cfd8150eefbed41dad1390781adb825c0f2505c5112a285c4daae0006e84c4c,
PRD-MAIN,BUS-REQ-001,table-row,12.1 范围、产品与结构,687,系统必须分别管理要求来源、出版文档版本/修订/勘误、文档关系、采用/适用规则、条款、内容所有者和批准状态,b372e02f1038ee0c3864b19ac35632ceee3d3c259a6c25c8bce1517d3e10a136,
PRD-MAIN,BUS-REQ-002,table-row,12.1 范围、产品与结构,688,系统必须阻止没有受控适用依据的文档版本自动用于新范围；受控依据可来自法规/认证过渡、客户/OEM 指定、研究/比对目的或其他批准规则,9839145ae7e2a057815ef7ee5138829699f9b5023c44179c41e692c36c9c3476,
PRD-MAIN,BUS-REQ-003,table-row,12.1 范围、产品与结构,689,系统必须使要求或客户协议更新生成受影响套餐、范围、进行中任务和报告模板清单，不得静默改写已冻结委托,b25305f7c4995ae01cdf259084e2fea5f3e8309c6c172c4a9090de21fd64119a,BUS-REQ-003@0.1.0
PRD-MAIN,BUS-REQ-004,table-row,12.1 范围、产品与结构,690,系统必须将出版文档版本、文档关系、采用/适用规则、委托适用性评估和最终选择快照分层管理；不得把文档发布日期直接当作委托生效日期,688179ec44d7abd570632e32affd122d139e23a2350a017eebaf09e1b0e10793,
PRD-MAIN,BUS-SCOPE-001,table-row,12.1 范围、产品与结构,693,系统必须为正式报价和执行建立版本化 TestScopeMatrix,934f5ba7c567fafa7bf251a73567c6421ef577938300b12118193d49695eee41,
PRD-MAIN,BUS-SCOPE-002,table-row,12.1 范围、产品与结构,694,每个范围行必须引用送检对象/特征、目标市场、要求条款、项目、方法版本、样品需求、EvaluationMode、工作中心和报告位置；只有 `EVALUATED` 模式才强制限值和判定规则,0aa4825ab53bf78f89f06c7ceebd4006b5c5b05f3d90418c44f970bcfcb81063,
PRD-MAIN,BUS-SCOPE-003,table-row,12.1 范围、产品与结构,695,系统必须阻止客户勾选、历史套餐、BOM 或 AI 候选未经技术批准直接生成生产任务,201e85031829f77a5738a30c4d23a868feb2ffb17e60622efd2b25cbc1e17da4,
PRD-MAIN,EX-001,table-row,4.2 明确排除,132,实验室人员执行的现场采样、采样路线、采样点和现场采样团队调度,6422675259c3b84f8ab4d72516eb9daebcdf64d61ead08945f54ff27576177a0,
PRD-MAIN,EX-002,table-row,4.2 明确排除,133,环境、空气、水体、表面或人员监测样品,a7a2e197bc81828ef2bf79a15ec8933b2d429c9591fe72e5a46f718da4b9780e,
PRD-MAIN,EX-003,table-row,4.2 明确排除,134,人体、临床、患者、受试者、生物样本或生物样本库,aa327146c73bd2c8caa8de5fea66762b46cebbd8e0d2e6ae17532029554ff022,
PRD-MAIN,EX-004,table-row,4.2 明确排除,135,企业内部研发、方法开发或探索性实验样品,0503591b00658e865d309cde4f99af93b3a9ac79fbd6fe20a01718c1aef79223,
PRD-MAIN,EX-005,table-row,4.2 明确排除,136,制造原料、辅料、中间品、在制品及内部生产放行样品,77c218c7b7ea9c7d3d515456efef2747a8b897a71e9dbff2d795e1a17103a006,
PRD-MAIN,EX-006,table-row,4.2 明确排除,137,稳定性研究方案、时间点拉样和稳定性箱研究管理,a258a3313719a2231681bec610c939cf125af4bea0be97ec119677d1fbcd471e,
PRD-MAIN,EX-007,table-row,4.2 明确排除,138,仪器底层控制和通用 ELN 平台；但 LIMS 范围内仍必须保存方法要求的关键执行事实、制备/分析批次、QC、原始数据或不可变引用,76c945ca4dfef190654b086a7199142d7907d95ffd7bca502a09effab4b4ea78,
PRD-MAIN,EX-008,table-row,4.2 明确排除,139,采购 BOM、采购申请、供应商寻源和库存采购预留,7eeb8cad4c7f89dca68bdd6b505feaaac6b67a05bea14b4334d2bb824b327377,
PRD-MAIN,EX-009,table-row,4.2 明确排除,140,总账、会计科目、会计分录、收入确认、资产负债表、利润表和法定财务结账,8db7e2584f7490bce06ef02dc7d0c5623877f596e066ea245916ba304b99b72e,
PRD-MAIN,EX-010,table-row,4.2 明确排除,141,银行核心处理、税务平台法定能力或 ERP 总账替代,f0101b695e16c65fd22fff8f2f7c5ee2f9042f2b047fc30e4394b3800d01f3dc,
PRD-MAIN,EX-011,table-row,4.2 明确排除,142,AI 自主合规放行、结果修改、异常批准、报告签发或资金操作,a8566d77f5b3c046ea58f70fae306c59648d2a1a460aa59c4d7e51fdc06afcb1,
PRD-MAIN,EX-012,table-row,4.2 明确排除,143,法规数据库的权威法律解释、标准全文版权平台和客户规范版权责任替代,6b669f68f6dc5b31c29c0908f3f7c75cb2bb4d144405eea2907bdb1e93fc8659,
PRD-MAIN,EX-013,table-row,4.2 明确排除,144,PLM/PDM 工程主数据、完整 DVP&R 项目组合、通用 QMS/CAPA 或高级 APS 的全面替代,ffd763a4f2752b3cb15b14d7321091243bdb012ccda735b9becf93ee1699b7ec,
PRD-MAIN,EX-014,table-row,4.2 明确排除,145,多个无关联检测集团共享应用运行时、数据库、对象存储、密钥、队列、检索/AI 或备份数据平面的共享 SaaS 多租户模式；云托管仅允许单集团独享环境,aff012e3f225f2d6328c03387911f2aa0c4212a4b3732ed7e910a66dfddf6b71,
PRD-MAIN,FIN-ALLOC-001,table-row,12.8 核心计费证据、条件开票/ERP 与可选运营应收,874,系统必须将收款分配建模为独立多对多交易,b6342cd252c8187cb331cad13d3976deeb0c416cc9d17f143ed76116de9a6f7f,
PRD-MAIN,FIN-ALLOC-002,table-row,12.8 核心计费证据、条件开票/ERP 与可选运营应收,875,系统必须原子限制分配总额不超过收款可用额和应收未清额,772fc8d79b5eeaa3e5c8188464b2ef9baa4ef0873332d139e7e4225797e74eb3,
PRD-MAIN,FIN-ALLOC-003,table-row,12.8 核心计费证据、条件开票/ERP 与可选运营应收,876,系统必须通过反向分配撤销已生效核销,43c92d2805f78da50a69f9e0f175bb5586306a7f52319a204ab93da96ea973d6,
PRD-MAIN,FIN-AR-001,table-row,12.8 核心计费证据、条件开票/ERP 与可选运营应收,869,系统必须使用不可变交易推导运营应收余额,02d275379b6bdbcc962fa8313bc15899d45d4370540c52cbceda0a92f7a0efa6,
PRD-MAIN,FIN-AR-002,table-row,12.8 核心计费证据、条件开票/ERP 与可选运营应收,870,系统必须分别展示合同债权余额、运营可催收余额、争议额和坏账后追偿额,38c907b861c4f816f5e6e7badf42c1df247f0aa1237888fdb07a78693a8c7fbf,
PRD-MAIN,FIN-AR-003,table-row,12.8 核心计费证据、条件开票/ERP 与可选运营应收,871,系统必须禁止直接修改运营应收余额,cf3735d4516e979918f4e490e49b6220e44f27378c1ef791b4494a35c394dae8,
PRD-MAIN,FIN-BILL-001,table-row,12.8 核心计费证据、条件开票/ERP 与可选运营应收,858,系统必须从合同约定的服务完成事实生成唯一计费候选,ae0c42b21c0faa4ad04c2095d714e36f57f64e64ecff9289273e5b9ae8893af2,
PRD-MAIN,FIN-BILL-002,table-row,12.8 核心计费证据、条件开票/ERP 与可选运营应收,859,系统必须区分服务完成、可计费权利、开票条件、应收确认和会计收入确认,5396db3bb59794033b23133607c5949ef6779e74b8483da5569c772c046afdd9,
PRD-MAIN,FIN-BILL-003,table-row,12.8 核心计费证据、条件开票/ERP 与可选运营应收,860,系统必须为免费项生成零金额证据并记录原因,0a7757c186bbc3b4232b03479deac83705c68e148c3b021ba35476a7bc1c8bc5,
PRD-MAIN,FIN-BILL-004,table-row,12.8 核心计费证据、条件开票/ERP 与可选运营应收,861,系统必须通过正负调整证据更正已确认计费证据,ad34000944f75e0f4df260c46ecec28ae01703503494d05e18d1e95a4bfc5127,
PRD-MAIN,FIN-BILL-005,table-row,12.8 核心计费证据、条件开票/ERP 与可选运营应收,862,系统必须防止报告重发、接口重试或重复事件产生重复计费,72e0a57e9c835787f4bb3ef200c08656f0901df17aa127426868b5c8a5127270,
PRD-MAIN,FIN-CREDIT-001,table-row,12.8 核心计费证据、条件开票/ERP 与可选运营应收,877,系统必须确保同一贷项或红票经济事件只影响一次运营应收余额,bd5f3b87282abfb4cbb84e6e2ed76b83b97680f3ed6be1111f4bcc7ca335ada3,
PRD-MAIN,FIN-DSP-001,table-row,12.8 核心计费证据、条件开票/ERP 与可选运营应收,878,系统必须限制争议金额不超过当前可争议余额,e485e9deac1d2672c68ea8e1a6c478d6d403a162db90844ca128bb9a7a7df03e,
PRD-MAIN,FIN-DSP-002,table-row,12.8 核心计费证据、条件开票/ERP 与可选运营应收,879,系统必须使争议只影响争议及催收状态，不改写法定到期日和原应收,0edf4b1c791c3a64be1e3a9a909fa022fbcc3a79d9aa15902f98f34d024ad3d2,
PRD-MAIN,FIN-ERP-001,table-row,12.8 核心计费证据、条件开票/ERP 与可选运营应收,884,系统必须把 ERP 同步状态与业务状态分开管理,68aff09f800207ddc8071160734076af4426061e75ddc9cfe899335942f09095,
PRD-MAIN,FIN-ERP-002,table-row,12.8 核心计费证据、条件开票/ERP 与可选运营应收,885,系统必须取得 ERP 凭证号、公司代码、年度、期间和过账日期后才标记已同步,07ae36214451c25625f8702c44bd40867d4946795c4fbf67b7f26e3a203294c3,
PRD-MAIN,FIN-ERP-003,table-row,12.8 核心计费证据、条件开票/ERP 与可选运营应收,886,系统不得生成总账分录、收入确认或法定财务报表,d184300fdcc6910c761f4339d98eaea035976cd83f96d7c773dba1e45b3506cf,
PRD-MAIN,FIN-INV-001,table-row,12.8 核心计费证据、条件开票/ERP 与可选运营应收,863,系统必须分别管理开票申请和法定发票,ee1210726d8e342ec339d79f27888e65dc56a4c8b03fe592127ab7c4afe195d3,
PRD-MAIN,FIN-INV-002,table-row,12.8 核心计费证据、条件开票/ERP 与可选运营应收,864,系统必须原子校验可开票余额，防止并发超额开票,353c7dcfdf268ff828cb95a1e361ed75ec088cede242f9fdfe1c3ae7070334a5,
PRD-MAIN,FIN-INV-003,table-row,12.8 核心计费证据、条件开票/ERP 与可选运营应收,865,系统必须保存未税金额、税额、价税合计、币种、税类和舍入差异,679d8f08d8da4d2a9931487ca0887e0cafa7c7d0e6dd629d5982ee53468d5fdb,
PRD-MAIN,FIN-INV-004,table-row,12.8 核心计费证据、条件开票/ERP 与可选运营应收,866,系统必须以税票平台最终成功结果确认法定发票已开具,53aca1ca1718e3ea800c82ca7458f91b7378a0807f207833dba72e4da1ea78c6,
PRD-MAIN,FIN-INV-005,table-row,12.8 核心计费证据、条件开票/ERP 与可选运营应收,867,系统必须在税票请求超时后先按外部流水号回查,20be55a984f17a49ff54870a5356f79431d469a479b435470e53ad6573c43721,
PRD-MAIN,FIN-INV-006,table-row,12.8 核心计费证据、条件开票/ERP 与可选运营应收,868,系统必须校验电子发票文件哈希或签名后才允许交付,320be60c9b1955a387fadc42e9c7e8c2ef04686bf2f8c5e6928303eadf79e6ab,
PRD-MAIN,FIN-PAY-001,table-row,12.8 核心计费证据、条件开票/ERP 与可选运营应收,872,系统必须仅以银行入账或支付渠道最终结算事实确认可分配收款,c279ba7ddf97e24e03421c9c96385636bf28ed5b132ed80916b5ba781291fc45,
PRD-MAIN,FIN-PAY-002,table-row,12.8 核心计费证据、条件开票/ERP 与可选运营应收,873,系统必须通过反向资金交易处理退票、拒付和撤销,b048ae997ac38bbad09fbe87fb23fea6bfc2ffd4b9db3d059cd4d3afcba03f5c,
PRD-MAIN,FIN-STMT-001,table-row,12.8 核心计费证据、条件开票/ERP 与可选运营应收,880,系统必须按客户、法人、币种和期间生成版本化客户对账单,fa4f3e4a709f87248efec34361c57a94445fe41a898eb76b676913ba2f568418,
PRD-MAIN,FIN-STMT-002,table-row,12.8 核心计费证据、条件开票/ERP 与可选运营应收,881,系统必须满足期初余额加本期借项减本期贷项、收款分配和适用调整等于期末余额,58e969b451462069a5efeccf6053f20ef229270aa66f4cffbf25370f426323ef,
PRD-MAIN,FIN-STMT-003,table-row,12.8 核心计费证据、条件开票/ERP 与可选运营应收,882,系统必须将预收和未分配款在独立资金区展示,b93615787932cf12f2b18f9634f7d99ead080e794a8220af1db35bd7da932f9f,
PRD-MAIN,FIN-STMT-004,table-row,12.8 核心计费证据、条件开票/ERP 与可选运营应收,883,系统必须记录客户确认、差异、渠道、时间、责任人和处理结果,20e4fd8c6b04039a4a91ffa58d659406bb2a7043fa8d22dc1eace47ef09c812d,
PRD-MAIN,GOAL-001,table-row,3. 产品目标与成功指标,91,提高按期、完整、一次正确交付,1eee72f1c7758b3e9542d2bca8b3c496fb1d38ccad53139ad20f1082801aecec,
PRD-MAIN,GOAL-002,table-row,3. 产品目标与成功指标,92,缩短并稳定询价评估周期,6e9a92e85d0ab5dc0c9c9daccd6c4d33077fe1b68dc6bbe9d1781077f43a5149,
PRD-MAIN,GOAL-003,table-row,3. 产品目标与成功指标,93,降低范围和样品需求遗漏,fc471465a75e2215cf71c267c9528c7b64cbc2f072b1151adb61d47263a70705,
PRD-MAIN,GOAL-004,table-row,3. 产品目标与成功指标,94,建立要求到报告的全链追溯,24b1ef8240a85c5907d802385cfa2623641afda219cb69dc33bdc4bc485c3861,
PRD-MAIN,GOAL-005,table-row,3. 产品目标与成功指标,95,控制错样、错配和不当覆盖,e7d85ec86ada438cdb03a4ae4e28cb701ec42c325edd10b675589120081ccb50,
PRD-MAIN,GOAL-006,table-row,3. 产品目标与成功指标,96,提升实验室吞吐与数据质量,dfb78172effe69081405e3c656e0c1bcb8c0337569c99d56848e05e11fa8ca11,
PRD-MAIN,GOAL-007,table-row,3. 产品目标与成功指标,97,提升报告效率,4850f8afcb565cdeacfaa9d5fcf5e0ba108152d445e70b087f97885344db0e74,
PRD-MAIN,GOAL-008,table-row,3. 产品目标与成功指标,98,控制规则和认可风险,97e4128e493d069589ee883331c57c091875afc0e10a064c2b27bff5d5ff3dca,
PRD-MAIN,GOAL-009,table-row,3. 产品目标与成功指标,99,控制 AI 风险并证明净价值,4b492ebf4f7071cfa798aefde876a74cbe26b16f4dc6c69452391848cb026ac2,
PRD-MAIN,GOAL-010,table-row,3. 产品目标与成功指标,100,保证人工可持续运行,e12434807ed4f4a72f26298ab987daa64383e1c8cabcfeb2b2e6a3f6b535fbd1,
PRD-MAIN,INT-BANK-001,table-row,15. 集成要求,991,[BusinessOps] 银行/支付渠道,5cdb19e3adeaac0a79683c413d6dc4151240abf0e6a80f79e49644ef1a299963,
PRD-MAIN,INT-CDS-001,table-row,15. 集成要求,989,CDS/专业数据系统,4fa4ae61e1d3866813291d8f9bfa359d02018c8293bd3e5cabd3ec17e0cde96e,
PRD-MAIN,INT-CONTRACT-001,table-row,15. 集成要求,983,合同系统,5758463b4b7c707d49a13a3001b713654922a14e866b1db150954944f26187c4,
PRD-MAIN,INT-CRM-001,table-row,15. 集成要求,982,CRM,43f5c499aaa4ff08213f6305566f47549df431a526a939daa9e6dd833c1f8dfd,
PRD-MAIN,INT-DATA-001,table-row,15. 集成要求,986,对象存储/时序数据,f8fb92aac8ea6f37b4bb7d110ecfd4b47f26cecf50e29acae0f4ba5a8728854a,
PRD-MAIN,INT-EINV-001,table-row,15. 集成要求,990,[条件开票接口] 电子发票平台,e27bc4d78d1dfa216089ceac6e36a5cf5bb2d33b32b4933efe292dcbbdee33aa,
PRD-MAIN,INT-ERP-001,table-row,15. 集成要求,992,[条件 ERP 接口] ERP,e513a74e7a196317e3b3c9d1ed42a86e455355b34c880768d980e41bc2463bb8,
PRD-MAIN,INT-ESIGN-001,table-row,15. 集成要求,993,签章系统,2103908aa02ede16cada9a46877b29bc0e096263e04ac74cfd1628acadf16de7,
PRD-MAIN,INT-IDP-001,table-row,15. 集成要求,994,身份源,4677f28905f08aa5d551c28d1a111ca431ea7250fd5d1e182c56f1a243f9371b,
PRD-MAIN,INT-INST-001,table-row,15. 集成要求,984,仪器/数据系统,315f2d773ad9bea9c9cdaab57c502691e7a9f71654d07f523746832b9bcd012e,
PRD-MAIN,INT-INST-002,table-row,15. 集成要求,985,文件/CSV/中间件接入,845e1da093f1ad3d6d943ff93c25e3a0af38c17184c6169823e5dab2e031e6a9,
PRD-MAIN,INT-KB-001,table-row,15. 集成要求,987,标准/法规/客户知识源,b7a42b3f1b8809b23bc7ddcab99a3b43f232bce6bd8767d6c1e3c37bd7d3d81e,
PRD-MAIN,INT-NOTIFY-001,table-row,15. 集成要求,995,邮件/短信,5c21e3f7f321117998b0d4f000abf16f06cad3b371146a693d528e62ae64f7c8,
PRD-MAIN,INT-PLM-001,table-row,15. 集成要求,988,PLM/PDM/项目系统,e4691b0417178c8c48e332bc7a1d26b397e96b1224068bb1406a6eaba1d7e09c,
PRD-MAIN,LAB-ACC-001,table-row,12.6 检测、QC、结果采用和分包,828,系统必须按实验室/地点、方法版本、产品/基质、参数/量程、有效期和授权人员校验适用认可与签发资格,5b3e0d7d7015c4f06ca1522634b87a4c803c74ceb8ffde9a26d4040c26fb6c17,
PRD-MAIN,LAB-CALC-001,table-row,12.6 检测、QC、结果采用和分包,822,单位换算、稀释、面积体积、舍入、LOD/LOQ、限值比较等受控计算必须由版本化确定性规则执行，不得由大模型生成最终数值,5f0642f96af3fe9ca7354ce0bfbd103c46df2f15031688a00dd0e1d34d91fa9e,
PRD-MAIN,LAB-CONF-001,table-row,12.6 检测、QC、结果采用和分包,823,系统必须分别建模原始观测、计算结果、单项符合性和已测试范围结论；对全面法规评估、声明或认证只保存经授权外部流程形成的 ExternalComplianceReference，不得由检测结果自动生成权威结论,6b3cfbcd063630d4a012de041ab9fdc6d0f22b80f4dff9babfd2b055cd260431,
PRD-MAIN,LAB-CONF-002,table-row,12.6 检测、QC、结果采用和分包,824,每个 ConformityDecision 必须引用对象/变体、市场、委托要求选择快照、范围行、采用结果、限值和决策规则；`MEASURED_ONLY`、`NOT_EVALUATED` 或 `WAIVED` 模式不得强制生成该对象,101467aa2ad5b46d4e377b51dc0b52ed3898bc29785cdf322162ac27b8f94928,
PRD-MAIN,LAB-CONF-003,table-row,12.6 检测、QC、结果采用和分包,825,`MEASURED_ONLY` 只报告值/观察且不得显示 Pass/Fail；`NOT_EVALUATED` 必须给出未评价原因；`WAIVED` 必须引用批准的放弃依据且不得伪造检测结果,4d008a36abc6bf71e7be6d9fc1face141e8c0591ee03283b29ae031d6032721f,
PRD-MAIN,LAB-EXEC-001,table-row,12.6 检测、QC、结果采用和分包,816,系统必须在任务开始前校验方法版本、人员资格、设备状态和试样状态,bff07b9c92acb9c53ded5eea17570fe0ae2bcf02a473d03b4a17d1e7f7e4dac2,
PRD-MAIN,LAB-PROV-001,table-row,12.6 检测、QC、结果采用和分包,826,派生、平均、最差值、统计或多样件汇总结果必须通过 ResultProvenanceEdge 引用全部纳入/排除输入、聚合规则版本和理由,f27bfdd39bee9641349b739e48b062f04c0dfb76aaeb9a1f1edb9ac711ef1d1b,
PRD-MAIN,LAB-PROV-002,table-row,12.6 检测、QC、结果采用和分包,827,结果来源图必须禁止循环、悬空输入、重复计入和无规则跨对象聚合；原始观测和被排除输入不得删除,637a2cf625e267f5f904200e57b6fbf63ad0005173a8257226c83571a907bce3,
PRD-MAIN,LAB-QC-001,table-row,12.6 检测、QC、结果采用和分包,819,系统必须按方法版本执行适用的 QC 规则,2691f319fcaec927d9c7f46a55e2d3f580d6ebb1e9232d3ca45170f4fb65874f,
PRD-MAIN,LAB-QC-002,table-row,12.6 检测、QC、结果采用和分包,820,系统必须在 QC 失败时将受影响结果保持为不可报告,722c3cb88f60288827b5281d707cfc47783a686fa3b6a2ab48f63fc8c5666389,
PRD-MAIN,LAB-QC-003,table-row,12.6 检测、QC、结果采用和分包,821,系统必须在调查、影响范围、有效性决定、采用规则和技术复核全部满足后才解除阻断,f9167517c83b3657dc47317e9c234db0d5ee833c78fa2f0a842f5b5d206ce9fb,
PRD-MAIN,LAB-RAW-001,table-row,12.6 检测、QC、结果采用和分包,817,系统必须保存原始数据或不可变引用、哈希、来源和解析器版本,db18978b62008a4a5d57ea019e118393f89461f4c7a2ad94976fbb1f8578544f,
PRD-MAIN,LAB-RAW-002,table-row,12.6 检测、QC、结果采用和分包,818,系统必须禁止覆盖已提交原始观测和结果,b47214df135c16e3771fcdd58b5b33fb9bd15b68f26b8651437b9aca37ed7754,
PRD-MAIN,LAB-RES-001,table-row,12.6 检测、QC、结果采用和分包,829,系统必须区分重复测定、复测、补测、重新制备和补样,2e768acff2db7ca4039252da3f850b9ecd496bdef3184b8a0e7a3d33e77cf040,
PRD-MAIN,LAB-RES-002,table-row,12.6 检测、QC、结果采用和分包,830,系统必须在上述事件中保留原数据、原结果、谱系、触发原因和批准记录,984a3e5d0ec7b3a17c20405e1d3d3e49ab06501db685c8c332af4a968d2df745,
PRD-MAIN,LAB-RES-003,table-row,12.6 检测、QC、结果采用和分包,831,系统必须在看到复测结果前记录结果采用规则,064e979a694c13f06fac9a05b4ef3d5de112def6a08cf4ff9056c7599397edf6,
PRD-MAIN,LAB-RES-004,table-row,12.6 检测、QC、结果采用和分包,832,系统必须确保每个报告结果只有一个有效采用结果,533114e581f0ed53b2a7f3725e2e3b8c5d24414b78a44e1cc91abb84ea1a3eb8,
PRD-MAIN,LAB-SUB-001,table-row,12.6 检测、QC、结果采用和分包,833,系统必须把分包发出对象绑定数量、封识、运输条件和分包方接收标识,0ad4b4bec4cb22e7259f18703c97e86bbb4fc7eacaf5d41a5caf627f283e033a,
PRD-MAIN,LAB-SUB-002,table-row,12.6 检测、QC、结果采用和分包,834,系统必须使外部结果引用分包任务、报告版本、方法和内部复核决定,f03c2972255d65ffd7417e5394090d8738bffaf3a0ec162738a0434fc480e36c,
PRD-MAIN,LAB-SUB-003,table-row,12.6 检测、QC、结果采用和分包,835,系统必须在分包报告更正或撤回时触发内部报告影响评估,b92db704780fc084063ffe34be0373be1345c4e8ac7629dd6e68fb55491f20a5,
PRD-MAIN,NFR-ACC-001,table-row,17. 非功能需求,1058,核心业务界面必须满足 WCAG 2.2 AA,6f4984a5dc750c9d4a4b18f3dad261f40e36f01c3cf1b6674ddefcbf73ac740c,
PRD-MAIN,NFR-ARCH-001,table-row,17. 非功能需求,1046,系统必须采用模块化单体作为首期应用架构,c1f16ba3b49bdf2879a580eb6caddf958dde26164bf5598fa43d2cb5c80873f2,ATC-PLT-000@0.1.0;ATC-PLT-000@1.0.0;NFR-ARCH-001@0.1.0;NFR-ARCH-001@1.0.0
PRD-MAIN,NFR-ARCH-002,table-row,17. 非功能需求,1047,系统必须使用事务发件箱和幂等消费者处理跨模块事件,9627fe3f9bad217b2ca596ced3168152e6bbd5b8c686dd9a7bf7f3e14bc98354,ATC-PLT-000@0.1.0;ATC-PLT-000@1.0.0;NFR-ARCH-002@0.1.0;NFR-ARCH-002@1.0.0
PRD-MAIN,NFR-AVL-001,table-row,17. 非功能需求,1053,生产月度可用性目标应当为 99.9%,31dd272f6d5bcff315ab0e96b49b4936d3c9e1ea06a305f12e9354490420d313,
PRD-MAIN,NFR-BDR-001,table-row,17. 非功能需求,1054,核心业务 RPO 应当不超过 15 分钟,9462773df21aa4d34bc6b3c3cf2f590c09ed246b2759e089cba7f9d0017df572,
PRD-MAIN,NFR-BDR-002,table-row,17. 非功能需求,1055,核心业务 RTO 应当不超过 4 小时,dd9f96c1d4a81c8fa9d6f7d3bff63a17500c969ba9312def1e13100af309bc0f,
PRD-MAIN,NFR-DATA-001,table-row,17. 非功能需求,1059,金额必须使用十进制定点类型,811bc2c7124d45bb0a9f6c408c487bf8666105971d0972a3bacc5da9deea2582,
PRD-MAIN,NFR-DATA-002,table-row,17. 非功能需求,1060,时间必须保存 UTC 或偏移信息及机构时区,e88537738cb9544e7773a777babc56d7781c7ff796fe99e1f933b84df97ad423,
PRD-MAIN,NFR-DR-001,table-row,17. 非功能需求,1062,灾难恢复后必须验证报告、结果、方法版本、原始文件、签名和审计链引用完整性,7fab4f23e8812dd291b19ba172e362c75737b985aa220ab34d6a32c2f26b7adb,
PRD-MAIN,NFR-OBS-001,table-row,17. 非功能需求,1061,系统必须提供结构化日志、指标、关联 ID 和业务异常队列,b9c8c66f4c4aa618e44621c3cd64521ec5cc4ca6997333e0dc2d6f973c5776e8,
PRD-MAIN,NFR-PERF-001,table-row,17. 非功能需求,1048,普通查询在批准容量基线下必须达到 p95 不超过 2 秒,cfa3a94a372c768d91680b24fa8c93d77b65bc981192302add3dfb8e52072e3a,
PRD-MAIN,NFR-PERF-002,table-row,17. 非功能需求,1049,创建委托、收样和结果保存必须达到 p95 不超过 3 秒,75eda63bba066b1a6d585cce7f252cf8646f683e119545c5435759ae8a68afdc,
PRD-MAIN,NFR-PERF-003,table-row,17. 非功能需求,1050,在线扫码校验应当达到 p95 不超过 500 毫秒,300b946b41c16edae21df3a7157702c859d5baa942e773719d0aa66c8ba432a9,
PRD-MAIN,NFR-PERF-004,table-row,17. 非功能需求,1051,启用商业运营包时，10 万条运营应收账龄任务必须在 10 分钟内完成,5e9285f0d31c6f0aa5939492e21d0fbb16435a7fabd1e8207ec474d6652fe70e,
PRD-MAIN,NFR-PERF-005,table-row,17. 非功能需求,1052,启用商业运营包时，单客户对账单必须在 30 秒内生成,7e8b2a438e6e9682951b5657aadd6ab4d48ecb8d791be2e7e1bf7708b77f887f,
PRD-MAIN,NFR-SEC-001,table-row,17. 非功能需求,1056,上线时严重和高危安全缺陷必须为零,f6c679a6c07ac84d3dca9814dd8088833b5da9a82e58d595858a8c40ebb0ca5d,
PRD-MAIN,NFR-SEC-002,table-row,17. 非功能需求,1057,数据传输和静态敏感数据必须使用批准的加密方案,13dc0eeaf4be2570d700bed4afa4d399009c36776d1451e76397dbf2e2ffb9a5,
PRD-MAIN,OD-001,table-row,23. 明确待决策事项,1447,Release 1 的唯一试点“行业 × 产品类别 × 目标市场/客户协议 × 方法族”、灯塔客户和黄金场景,47f6cb0447b1e1a6e9a9d5b85ac92e055bede7856505c2fbbd330e2d888f4b3e,OD-001@0.1.0;REL-R1-RECEIVING-PILOT@0.1.0;REL-R1-RECEIVING-PILOT@1.0.0
PRD-MAIN,OD-002,table-row,23. 明确待决策事项,1448,**已决定：集团多机构、每集团独立部署；禁止共享 SaaS 多租户。** 云托管也必须是单集团独享环境；集团内支持多法人、多实验室、多部门和多工作中心，送检客户不是租户,871512ce3d1bf4d0019290174ad63426313fe8a1f1fb4f36191b08cd827b2207,ATC-PLT-000@0.1.0;ATC-PLT-000@1.0.0;ATC-REC-001@0.1.0;ATC-REC-001@1.0.0;ATC-REC-002@0.1.0;ATC-REC-002@1.0.0;ATC-REC-003@0.1.0;ATC-REC-003@1.0.0;ATC-REC-004@0.1.0;ATC-REC-004@1.0.0;ATC-REC-005@0.1.0;ATC-REC-005@1.0.0;ATC-REC-006@0.1.0;ATC-REC-006@1.0.0;OD-002@1.0.0;ORG-STRUCT-001@0.1.0;SEC-DEPLOY-001@0.1.0;SEC-DEPLOY-001@1.0.0
PRD-MAIN,OD-003,table-row,23. 明确待决策事项,1449,产品结构最大层级、单版本节点上限和图片数量上限,332a2614631a727a0dac05f12453aad6e55957bd502b3ea9958d8acd71e3895e,
PRD-MAIN,OD-004,table-row,23. 明确待决策事项,1450,哪些产品或方法允许、要求或禁止破坏性拆解,c73c04c8e5e634babc68d1cbc4c7268e55c50b7f8eb54c805dd17c325ea2d0b7,
PRD-MAIN,OD-005,table-row,23. 明确待决策事项,1451,条件接收、身份疑似、温控、危险属性、复合样和复测的审批矩阵,3afac312d7469744944316782d09e856c66730c394ad5029f946123bdcd5aa83,ATC-REC-005@0.1.0;ATC-REC-005@1.0.0;OD-005@0.1.0
PRD-MAIN,OD-006,table-row,23. 明确待决策事项,1452,客户 BOM 和图片的数据分类、AI 处理区域、保留期限及外部模型许可,93054645a68704f9647d88a711bf8c203180f32a68e5ed025ef1b0f6ca4d5dfd,
PRD-MAIN,OD-007,table-row,23. 明确待决策事项,1453,AI 近似报价 BOM 的首期品类、人工复核阈值和业务停止条件,9fa8dfe21710408de84053ba92af994e77b463b6eef44bd4354bfa39c5d90022,
PRD-MAIN,OD-008,table-row,23. 明确待决策事项,1454,逻辑产品 BOM 与检测分解的批准岗位及变更影响规则,b618cbec80e9a21fbbb9c077055aa50d77ffb42fbcdebc45876799a3046d91c1,
PRD-MAIN,OD-009,table-row,23. 明确待决策事项,1455,收到的实物唯一识别粒度按件、序列号、包装或同质组如何决定,34b3188b79c0e362e82833dfa41a70174e5028d226016385ddc76901e1964ac7,OD-009@0.1.0
PRD-MAIN,OD-010,table-row,23. 明确待决策事项,1456,各样品类型的计量维度、精度、损耗和容差,58d1f16668067087e90042ff5a89ab5cfe8d78356ebda1f5f10450e22dc203d0,
PRD-MAIN,OD-011,table-row,23. 明确待决策事项,1457,适用认可体系、电子记录、电子签名、报告保留和撤回规则,9587de5de83003b910f2539f84a98cc768fa17cbb27e03fdc2707565801d6590,
PRD-MAIN,OD-012,table-row,23. 明确待决策事项,1458,方法、规格、资质、人员资格和设备状态的权威来源,2e1fa8ddbe587214fb7394eb0daf94eb1f96da4cd71dbf94166405f649f68b19,
PRD-MAIN,OD-013,table-row,23. 明确待决策事项,1459,分包方必须回传正式报告、原始数据、QC、偏差和处置证明中的哪些内容,bcd2470daebc9a0784dd71e510f7bb6879bfe62bee31d17073d09d2bcbce9ca7,
PRD-MAIN,OD-014,table-row,23. 明确待决策事项,1460,CRM、合同系统、LIMS、税票平台和 ERP 的最终字段级权威矩阵,cb685ad4881b7418f39d85ef721a47285ff9fb4b86c879b27192160a6a58b286,
PRD-MAIN,OD-015,table-row,23. 明确待决策事项,1461,应收确认节点采用发票成功、合同里程碑或其他政策节点,bd14ca2e6ecdf12d3bdc6ca779529ae4ae46dfa0b56780b36da440a323db6a92,
PRD-MAIN,OD-016,table-row,23. 明确待决策事项,1462,适用税务法域、票种、红票规则和电子发票平台,97a60674814b7fe3c1ce15502b3748db2b528bc3ba0be5bb638cd4c1a451fb69,
PRD-MAIN,OD-017,table-row,23. 明确待决策事项,1463,首期是否严格单币种；若支持外币，汇率及汇兑差额政策为何,659de6a86653b1a6c161398c79548eae946bffe2b618ea5d2470a196b7a3898f,
PRD-MAIN,OD-018,table-row,23. 明确待决策事项,1464,客户对账单采用开放项目式、账户活动式或两者并行,546fac750f54437a741a134e453157b2ec13e9ed348c71acd28cbe10f9aaea05,
PRD-MAIN,OD-019,table-row,23. 明确待决策事项,1465,收款最终结算标准、银行唯一引用、退票和拒付处理,f5efba0bd303e8d635e0d987c82707fbb7f04914674249c7c17c60da059a2a95,
PRD-MAIN,OD-020,table-row,23. 明确待决策事项,1466,性能容量、并发、附件增长、可用性、RPO、RTO 和部署拓扑基线,2d7a81a873678e640b2eeb54866dbdc2d1d0475c460188bbefaebcf987e42402,ATC-PLT-000@0.1.0;OD-020@0.1.0
PRD-MAIN,OD-021,table-row,23. 明确待决策事项,1467,哪些移动操作允许离线及最大离线时长,db7443496a85d21d0eb8563c4a4ad0bea8fb22b80d9a8bc01e4cba17a070a25e,
PRD-MAIN,OD-022,table-row,23. 明确待决策事项,1468,报告更正、补充、撤回、作废和替代在机构 SOP 中的正式语义,1eef0f625c851cd7dbf52787fed77d9be9d148a50c58364da521f07415dcfe3d,
PRD-MAIN,OD-023,table-row,23. 明确待决策事项,1469,历史系统迁移范围、无法迁移证据的隔离和只读策略,48e5af3affbf3ebce4781866ab5a1f4ddde09ec3a9070928f483942388c51d9f,
PRD-MAIN,OD-024,table-row,23. 明确待决策事项,1470,客户长期不回复时的最大等待期、终止、退回和处置路径,2cd619048af8cd5510c934e6266580336b562d6193c6ec5623778617892b048d,
PRD-MAIN,OD-025,table-row,23. 明确待决策事项,1471,平台内核、五个行业包与六类横向技术包的产品边界、版本策略和扩展契约,4560bd80b4b4a04f8d951025237f962a5d73fa899b338c06ffc66c1952985535,ATC-PLT-000@0.1.0;OD-025@0.1.0
PRD-MAIN,OD-026,table-row,23. 明确待决策事项,1472,要求/标准内容来源、版权许可、发布日期/实施日/过渡期维护责任和更新 SLA,cf5f45cdb3ba889b2de89c604975d92c1e9bb2b78820b2dcee5c0b5b987c8863,
PRD-MAIN,OD-027,table-row,23. 明确待决策事项,1473,TestScopeMatrix 最小范围行粒度、必需维度、审批岗位和报价/任务/报告变更影响规则,eb18a5b0d1428c2a736482c1234855f9a1fb7940f0903d5998b6a61685bd08f5,OD-027@0.1.0
PRD-MAIN,OD-028,table-row,23. 明确待决策事项,1474,各行业代表性/最不利覆盖允许的危险域、项目、证据、批准岗位，以及何时自动停止后续复用、何时进入待评估的规则,555ef67a2f0c76f32dd55edafafa328854358d6b3b962882f0d33d9810beca21,
PRD-MAIN,OD-029,table-row,23. 明确待决策事项,1475,认可范围的数据粒度、权威来源、混合认可报告展示和行级签发门禁,fcd51de1b1bd263119ceb86f45a59d766730784adc2167d883fd3d1f80e53ace,OD-029@0.1.0
PRD-MAIN,OD-030,table-row,23. 明确待决策事项,1476,各方法族最小执行记录、制备/分析批、QC、原始数据与 ELN/CDS 的权威边界,9e114c6bc26b6bbdcefde2f3427acaaf9cc7ba9855d8196f5be7b116cb96c321,OD-030@0.1.0
PRD-MAIN,OD-031,table-row,23. 明确待决策事项,1477,首期条码/移动流程和首批仪器/文件接口清单，按结果数据量、人工工时和风险排序,b9bc81a6032f13243296caeab9647a00118b59f86b75ac90379ed2296ea69fcc,ATC-REC-002@0.1.0;ATC-REC-002@1.0.0;OD-031@0.1.0
PRD-MAIN,OD-032,table-row,23. 明确待决策事项,1478,多方参与角色、品牌/客户协议、报告访问、付款和数据权限模型,e276ce596f45807ac804b22f0159514255b24f383a0e15822dcdcebcec9deb88,OD-032@0.1.0
PRD-MAIN,OD-033,table-row,23. 明确待决策事项,1479,核心 LIMS 与可选商业运营包边界；是否建设运营应收取决于现有 ERP/财务能力和客户产品战略,906e134c8a105aca68a7f4a0bc81cff920b03d38144d051becb98e49e7e87a7f,
PRD-MAIN,OD-034,table-row,23. 明确待决策事项,1480,“单项符合、已测范围符合”的行业化语义与批准权限，以及外部/另行授权的全面法规评估、认证状态或证书如何引用、由谁负责和哪些未覆盖项必须披露,812972e2a3d8b8546103613a65ac214bbdb3d4d2f4f973fb258adedad0744309,OD-034@0.1.0
PRD-MAIN,OPS-ALLOC-001,table-row,12.5 谱系、数量和任务分配,799,系统必须在任务分配时校验身份、状态、可用量、方法适用性、保存条件和有效期,236b5718874c346d0d470ffae2132897d0fccb6c9473874d88aaa321fb77a148,
PRD-MAIN,OPS-ALLOC-002,table-row,12.5 谱系、数量和任务分配,800,系统必须记录预留量、领用量、预计消耗量、实际消耗量和归还量,532a38744aea361d20d029638992e22422542a866dcfd8b912e57ecd689536e1,
PRD-MAIN,OPS-ALLOC-003,table-row,12.5 谱系、数量和任务分配,801,系统必须通过 TestObjectAllocation 使每次任务使用引用物理对象、身份映射版本、范围行、计划/序列步骤、用途、顺序、破坏性和预留状态,e6c99b43b60ebec09d21531b153736a839b249f919c9c0c7723ca9d339a96187,
PRD-MAIN,OPS-ALLOC-004,table-row,12.5 谱系、数量和任务分配,802,SampleIdentityAssignment、TestObjectAllocation 和 CoverageDecision 必须为独立关系；修改测试分配或覆盖决定不得改写实物实际身份,bc1bde0edbe8da5dd81a866d9cad1db2775880a9dd46b3e23cca90d47e5212e3,
PRD-MAIN,OPS-AUTO-001,table-row,12.4 收样、身份和拆解,781,对汽车零件，系统必须记录项目、零件/图纸/HW/SW/标定版本、样件组、试验序列、工况、阶段检查和中断/恢复,656dd6d87ce693b650b5a27a037eb24bfb8e792f2a3e80a4de22c0c402ffa241,
PRD-MAIN,OPS-AUTO-002,table-row,12.4 收样、身份和拆解,782,每个 VerificationRow 必须多对多关联要求/判据、试验步骤、SampleGroup/具体样件、运行、ResultInput、证据、结论和批准偏离；缺少证据或偏离时不得标记闭环,03a3c90b7675b0f750ddd69cdca7dcffb58d33cff7291fda0d8a72ee1b9c69dd,
PRD-MAIN,OPS-AUTO-003,table-row,12.4 收样、身份和拆解,783,TestSequence 必须版本化并表达步骤依赖、样件分配、破坏性、恢复时间、最大间隔和失败后的停止/继续/待客户规则,67935936d407980e82b175e5f8d34ce1b3422e364105794c3cdee9e1662b39fe,
PRD-MAIN,OPS-AUTO-004,table-row,12.4 收样、身份和拆解,784,长周期运行必须记录 TestProfile、设定/实际曲线、Cycle、Channel/MeasurementPoint、Checkpoint、报警和校准有效性；高频数据可存外部时序库但须有不可变清单和哈希,c25c7b8b1d6054959c309b6b28c7b8bf59de354186dea07d16a32731d5dfd27a,
PRD-MAIN,OPS-AUTO-005,table-row,12.4 收样、身份和拆解,785,运行中的刷写、维修、换件、工装/线束/负载变化必须形成 Intervention/RepairEvent 和新的适用配置基线；没有 ResumeDecision 不得继续,e7f63aeee4dc9e5633737ae8356dda7a31404b54ed6e896e58b05aae9e3330c9,
PRD-MAIN,OPS-AUTO-006,table-row,12.4 收样、身份和拆解,786,前/后功能检查、失败事件、偏离批准、客户见证和中期交付物必须引用具体样件、步骤、配置和证据,9eb957e04655f6be045216218280532318f44989a2048f549b26de500edd6688,
PRD-MAIN,OPS-BATCH-001,table-row,12.5 谱系、数量和任务分配,807,系统必须分别管理制备批、预处理批、分析批、仪器运行和客户委托；不得使用一个通用 ExecutionRun 混淆不同批次责任,706543bad1d3905cde3590f878c01bb7124104b9823c2c291b45d5ad124678e4,
PRD-MAIN,OPS-BATCH-002,table-row,12.5 谱系、数量和任务分配,808,系统必须允许一个内部批次包含多个委托试样和批准 QC 样，并保持客户隔离、样品位置和结果归属,b7a46afbf41f5913856eeaea8f09f948a5299ff41bf3aba5050ae64da66d363c,
PRD-MAIN,OPS-BATCH-003,table-row,12.5 谱系、数量和任务分配,809,批次 QC 失败、环境超差或校准失效时，系统必须确定并冻结全部受影响任务和结果,c30f659da4d96c40a2fd6e2341e6734e1c3fa0cb8d5b7a7cabe437efeb14e84f,
PRD-MAIN,OPS-COMP-001,table-row,12.5 谱系、数量和任务分配,804,系统必须在创建复合样前校验合同许可、方法许可、代表性批准和物理兼容性,4cce146f52ba1e9df0b3523d5505b88a7430f95207f14fe0136649608011c4ad,
PRD-MAIN,OPS-COMP-002,table-row,12.5 谱系、数量和任务分配,805,系统必须将复合样结果默认仅归属于复合样,0c9a421943bd38badbf32717c46aec03e23790faa20b337152838e1671402f39,
PRD-MAIN,OPS-COMP-003,table-row,12.5 谱系、数量和任务分配,806,系统必须在来源样身份失效或隔离后冻结相关复合样、任务和结果,973b3cc7cf6507732b4e37bbf567ff0d9abc3a03f5736fd22fa1689a24f65b1e,
PRD-MAIN,OPS-CONFIG-001,table-row,12.4 收样、身份和拆解,756,对配置相关测试，系统必须冻结实际实物的图纸/HW/SW/固件/标定版本轴、附件、供电能力、端口和适用模式等 AsTestedConfigurationSnapshot,11603a9cf84c82cc156345fd8b5d110ac50d6c34697947e79a8a83a89d1c8444,
PRD-MAIN,OPS-CONFIG-002,table-row,12.4 收样、身份和拆解,757,具体运行的工装、线束、负载、辅助设备、接线/布置、程序、环境曲线、循环和通道必须记录在版本化 TestSetup/TestProfile，不得回写稳定产品变体或受试配置快照,89508e082d641e89e3c2240d85017d61bd7be4ff7642e2585f1999f62f2ff8f7,
PRD-MAIN,OPS-CONTACT-001,table-row,12.4 收样、身份和拆解,763,对食品接触材料，系统必须记录接触面、面积/体积依据、模拟物、时间、温度、重复次数、迁移液和分析份关系,31bda899a46a870794c76569bf5ec404a4f66f4c3b746260f00057dfe76d62df,
PRD-MAIN,OPS-CONTACT-002,table-row,12.4 收样、身份和拆解,764,迁移暴露必须分别记录计划和实际开始/结束时间、计划和实际温度/曲线、接触面积、模拟物体积、容器/设备及中断/超差；超差影响未批准前不得报告,e3519c2ea813ab14da43d161ddbe7ec404b21bcd38525c398876036df65f4734,
PRD-MAIN,OPS-CONTACT-003,table-row,12.4 收样、身份和拆解,765,每次迁移必须生成独立且唯一标识的 MigrationSolution；同一迁移液可分成多个 AnalyticalAliquot，但每个分析份必须记录来源、体积/质量、稳定截止、保存条件、剩余量和处置,eda9cc44b92cca4e1324cecc9bd106352bfd44015828032244cf4291b3929758,
PRD-MAIN,OPS-CONTACT-004,table-row,12.4 收样、身份和拆解,766,重复使用场景必须按批准顺序在同一制品或指定测试单元上执行多次暴露，保留每次条件、迁移液和结果；不得用后一次覆盖前一次,6e39f29ac39db456e4f7fb9e464891dbfafabfa22e961906b266c9a529cc2f35,
PRD-MAIN,OPS-CONTACT-005,table-row,12.4 收样、身份和拆解,767,食品接触样品需求必须按模拟物 × 条件 × 平行 × 迁移次数，加空白/QC、复测预留和留样确定；自动计算结果必须由技术人员批准,1b10031f4249dc15ede85d47211bcb78f37687a6ab156c90babac978577b270e,
PRD-MAIN,OPS-CONTACT-006,table-row,12.4 收样、身份和拆解,768,食品接触结果必须可反向追溯“结果 → 分析份 → 迁移液 → 迁移暴露 → 试样/制品 → 接触面和用途场景”,867cbae65850de7dd9e7dcd3fb59fc77cfe5ef109029acde48126a4f65f24a1d,
PRD-MAIN,OPS-DIS-001,table-row,12.4 收样、身份和拆解,751,系统必须仅在批准检测方案或方法要求下允许拆解,e4b96bda221bfb12a2339b4029a6a1adad8c71aae78d230dde7dba8e872862b0,
PRD-MAIN,OPS-DIS-002,table-row,12.4 收样、身份和拆解,752,系统必须在拆解前校验客户授权、安全、顺序、不可逆影响和归还约定,305c5f1724871eaabb6d6361eeaf66641fc5c1c33202368dd9be877f8faa0bc7,
PRD-MAIN,OPS-DIS-003,table-row,12.4 收样、身份和拆解,753,系统必须记录拆解步骤、工具、人员、时间、证据和产生物,59ac6c85b69bb24f1b57865cd9a24929451fef8a10edf2c04febb75069472a10,
PRD-MAIN,OPS-DIS-004,table-row,12.4 收样、身份和拆解,754,系统必须将未观察结构、疑似材质和不可见数量保持为未知或假设,804fcbc3568d3ba7f78d5aa23bb3d29640ed03cb6c81438457e5706ede16b9e0,
PRD-MAIN,OPS-ELEC-001,table-row,12.4 收样、身份和拆解,758,电子型号族必须以 ModelDifference 和 CoverageDecision 表达差异、代表型号、最不利模式、证据和局部失效条件；关键件、固件或配置变化不得默认继承旧覆盖,bee9e2035d692e59bb626a8054155548540a99ccf5bdb656b593a27be9623c8b,
PRD-MAIN,OPS-ELEC-002,table-row,12.4 收样、身份和拆解,759,产品安全/结构审查必须记录关键元器件、证书证据、结构检查、异常/单一故障条件、温升、照片和观察性判定，并关联后续破坏对其他任务的样品资格影响,bdf035de0523ff002703a2dd0024d152ad2dbe95831e18f2a2c67cd979a8d1ca,
PRD-MAIN,OPS-ELEC-003,table-row,12.4 收样、身份和拆解,760,EMC/RF 运行必须保存 TestSetupTopology、端口、线缆、辅助设备、模式、扫描原始数据、LimitLine、Detector、WorstPoint 和布置证据,af140fccdb04bec9ba41f1a7ef31ef7dce847c2500553f5f725c2690b8abeb58,
PRD-MAIN,OPS-ELEC-004,table-row,12.4 收样、身份和拆解,761,抗扰度试验必须记录施加等级、暴露区间、PerformanceCriterion、运行前/中/后功能状态和异常事件；不得仅保存最终 Pass/Fail,b6e208181385cfe594061551bfe13c4e067d8b14e8cd55cc196fe579df4a2b30,
PRD-MAIN,OPS-ELEC-005,table-row,12.4 收样、身份和拆解,762,无线试验必须冻结信道、带宽、功率、天线、占空比、测试固件和控制软件版本；配置变化必须触发范围/覆盖影响评估,aa8179a636b452e98686f75a609bbce5d743c1044550b5ea6da401dd5efc5474,
PRD-MAIN,OPS-EXC-001,table-row,12.4 收样、身份和拆解,749,系统必须为数量不足、超温、破损、污染、标签冲突或超时创建异常,1c1c6246aba17a34a02fa4476440b5417ac555722513596cadcd37ed9d5a68cf,ATC-REC-005@0.1.0;ATC-REC-005@1.0.0;OPS-EXC-001@0.1.0
PRD-MAIN,OPS-EXC-002,table-row,12.4 收样、身份和拆解,750,系统必须阻止异常自动降低检测范围、延长有效期或默认条件接收,c5071e98bf82d792a49254dc336117ae0353e602a934e69fc58a806ef335f3fe,ATC-REC-005@0.1.0;ATC-REC-005@1.0.0;OPS-EXC-002@0.1.0
PRD-MAIN,OPS-GROUP-001,table-row,12.5 谱系、数量和任务分配,803,ReceivedGroup/SampleLot 和 SampleGroup 必须保存成员、共同属性/分组依据和版本；报告或试验组不得把组级身份覆盖到成员实物,d547a89da512b4e5425e61f0943609688a2886242ef2f190be64e4d1dd38d656,
PRD-MAIN,OPS-IDENTITY-001,table-row,12.4 收样、身份和拆解,746,系统必须分别保存客户声明身份、实验室观察身份和匹配结论,1186729cc44cf6f13e74ac666fc09f3001f90bc5ce1bfdbfb577f6e61fded98f,ATC-REC-004@0.1.0;ATC-REC-004@1.0.0;OPS-IDENTITY-001@0.1.0
PRD-MAIN,OPS-IDENTITY-002,table-row,12.4 收样、身份和拆解,747,系统必须使每个可检测实物关联其实际送检项、实际变体/特征和适用受试配置；同一实物可映射其真实多个部件/材料特征，但不得借身份映射代表未收到型号，归属歧义时必须阻断,54f7c368e0c5d2e9bfef8fad15204a6a693a6fbd3bda1c59b63df3c094b736c0,ATC-REC-004@0.1.0;ATC-REC-004@1.0.0;OPS-IDENTITY-002@0.1.0
PRD-MAIN,OPS-IDENTITY-003,table-row,12.4 收样、身份和拆解,748,系统必须阻止未匹配、身份待定、隔离、拒收或安全封存对象进入制样和检测,d601328d0279f11d9750c7ca7efba283114d28b738fd2d153f9fc5fbefc0833a,ATC-REC-003@0.1.0;ATC-REC-003@1.0.0;ATC-REC-006@0.1.0;ATC-REC-006@1.0.0;OPS-IDENTITY-003@0.1.0
PRD-MAIN,OPS-LIN-001,table-row,12.5 谱系、数量和任务分配,792,系统必须分别管理产品语义关系、物理来源关系、任务使用关系、数量流水和保管责任链,8c05655a152f3bfe3c3ae0040ca133ffac69fc43e6433f6974e8b097afefa478,
PRD-MAIN,OPS-LIN-002,table-row,12.5 谱系、数量和任务分配,793,系统必须禁止物理谱系循环、自引用和无授权换父,ea70768bb5f53a87f48161361f27f1bb1ab848f8c664d70c7b2860c64e8f81e6,
PRD-MAIN,OPS-LIN-003,table-row,12.5 谱系、数量和任务分配,794,系统必须支持多来源复合样和一试样多次非破坏性使用,2e7d1d427b2850c804fcdf6495b5866bed5b0b8bec7b88c23be79b44eac56430,
PRD-MAIN,OPS-QTY-001,table-row,12.5 谱系、数量和任务分配,795,系统必须使用不可变数量流水记录收货、产出、预留、分配、消耗、归还、损耗和处置,705ab67a4f520766972c55056a5b3364bfc1539d8bd2a9e1bea469d44a7653c6,
PRD-MAIN,OPS-QTY-002,table-row,12.5 谱系、数量和任务分配,796,系统必须按对象配置计量维度、单位、测量方法、精度、允许损耗和守恒公差,09ba863f4ddf78cb15c33c6a499e66212335aa6313f248686c61b9d59ff9053f,
PRD-MAIN,OPS-QTY-003,table-row,12.5 谱系、数量和任务分配,797,系统必须阻止负余额、超分配和无依据跨物理量换算,359f7746c28e69d08ea427d2b617a63b0230afcbf92139a03481f011b1b69f4a,
PRD-MAIN,OPS-QTY-004,table-row,12.5 谱系、数量和任务分配,798,系统必须通过冲销和重记更正已过账数量流水,62e8771a4a6111ac841db861299083bbb1180b1adc148eda8e4ed84f0a87098d,
PRD-MAIN,OPS-RECEIPT-001,table-row,12.4 收样、身份和拆解,743,系统必须分别登记到货批、包装单元和收到的实物,7c5ac0cbc8b80f7778fdc3240ffd9bd7633839bacefe88c4896b3ebc05cad965,ATC-REC-001@0.1.0;ATC-REC-001@1.0.0;OPS-RECEIPT-001@0.1.0
PRD-MAIN,OPS-RECEIPT-002,table-row,12.4 收样、身份和拆解,744,系统必须为每个包装单元和收到的实物分配唯一标识,5d23e65500b33f3b281878f7ddcb2400a6b44748d2509ed551723a9a6422a96f,ATC-REC-002@0.1.0;ATC-REC-002@1.0.0;OPS-RECEIPT-002@0.1.0
PRD-MAIN,OPS-RECEIPT-003,table-row,12.4 收样、身份和拆解,745,系统必须在身份评估完成前保持实物隔离,389923bc1881370792e1984f9e1bf9f994f3341583475592c9b903bedb3b12e8,ATC-REC-003@0.1.0;ATC-REC-003@1.0.0;ATC-REC-006@0.1.0;ATC-REC-006@1.0.0;OPS-RECEIPT-003@0.1.0
PRD-MAIN,OPS-RESRC-001,table-row,12.5 谱系、数量和任务分配,810,系统必须按人员授权、设备/场地/夹具能力、校准状态、时间窗口、依赖和样品状态检查硬资源冲突,b3de20a4e4371a5dbb96464bb9a8d659541094cd5f3a67c5f14c1c1ac4161726,
PRD-MAIN,OPS-STATE-001,table-row,12.4 收样、身份和拆解,755,对顺序性试验，系统必须在不改变实物身份的前提下记录预处理、每个事件前后状态、照片/视频、新增可接触特征、碎片和下一步资格,bbc4a593f26906bc424267d7f6cf2b41208761972c325ff3c56781451e48a68c,
PRD-MAIN,OPS-TEXTILE-001,table-row,12.4 收样、身份和拆解,776,对纺织品，系统必须记录款/色/码/批次/部位覆盖、裁样方向/尺寸/数量及调湿或洗涤等预处理,724ac50401bc20a3bdeb8ef7b556cd821483f33649474b9fbf893957578a41f0,
PRD-MAIN,OPS-TEXTILE-002,table-row,12.4 收样、身份和拆解,777,纺织样品需求必须按款号、颜色、部件、材料、部位、方向、平行数、预处理、互斥破坏关系、复测预留和留样计算；样品不足必须在计划批准前阻断或发起范围/补样变更,c0344524379014086ec8b9492744968c1a8f620ab858ab3fe76d2d7f6bfeed77,
PRD-MAIN,OPS-TEXTILE-003,table-row,12.4 收样、身份和拆解,778,CuttingPlan 必须记录来源实物/布批、取样部位、经纬或纵横方向、尺寸、数量、距布边要求、模板版本、操作人及生成试样,4d29e9a52e12b6cae2634946302c11d9ceeea8238fbfba4200a9cf0b5dd693d2,
PRD-MAIN,OPS-TEXTILE-004,table-row,12.4 收样、身份和拆解,779,调湿和洗涤必须分别保存计划与实际温湿度、时长、程序、洗涤剂、干燥方式和超差影响；影响未批准前不得报告,de626ac9b5e178ce40799e35f98111d5c8c51f465c3cf8accb4f293fc5c1ecf1,
PRD-MAIN,OPS-TEXTILE-005,table-row,12.4 收样、身份和拆解,780,CoverageDecision 必须明确款号、颜色、尺码、材料、部件、部位、供应商/染批和项目范围；不得默认以“最深色”代表全部颜色,fffe0a3310f7e29aad85f369b9427f3c48059f8264ebd660c5858f0d1de87652,
PRD-MAIN,OPS-TOY-001,table-row,12.4 收样、身份和拆解,769,系统必须分别保存客户年龄/用途声明和实验室 AgeGradeDecision；年龄决定必须有依据、批准、版本和冻结状态,faffa70bc7e55c965adc3e1ac61ac1b13666dc78427c30533aa2e1cfe1c8ead4,
PRD-MAIN,OPS-TOY-002,table-row,12.4 收样、身份和拆解,770,年龄或用途决定变化时，系统必须重新计算受影响要求条款、样品需求、测试单元、标签审查和已执行任务/结果影响，不得原地改写原决定,c746ed28dec9b412910d212b31b3e8057e3d63428c36bdebe0955b6874dc5320,
PRD-MAIN,OPS-TOY-003,table-row,12.4 收样、身份和拆解,771,AccessibilityAssessment 必须按初始、正常使用后和各使用滥用事件后分别版本化；新暴露部件必须触发机械/化学/标签范围重新评估,4d43cb0393ca940e8c129f9f7bc86625c5b3299297d6e717b9aeb13ee49bb13e,
PRD-MAIN,OPS-TOY-004,table-row,12.4 收样、身份和拆解,772,每个 TestUnit 必须唯一分配适用危险域、平行号和有序试验序列；互斥破坏性任务不得复用同一测试单元,321b9154e2a8eb0a5c9714461b5e51c92c11a34d6b932693ee704c3228496f5a,
PRD-MAIN,OPS-TOY-005,table-row,12.4 收样、身份和拆解,773,多测试单元结果汇总为产品/型号结论时必须引用批准的危险域覆盖，不得拼接成未实际存在的“同一整件全部通过”,5412fbcaff83246885136efdfab13b870c3aa8a1d23871d9fdeb17a904196858,
PRD-MAIN,OPS-TOY-006,table-row,12.4 收样、身份和拆解,774,玩具样品需求必须按危险域 × 测试单元 × 平行 × 互斥破坏试验，加化学最低取样量、复测预留和留样确定；自动计算结果必须由技术人员批准,9f483f4725b5970b3367b459dad1ea58327c58e25836d8fe091b3a4666b69504,
PRD-MAIN,OPS-TOY-007,table-row,12.4 收样、身份和拆解,775,包装、标签、说明书和营销年龄声明必须按版本、语言、市场和图片证据管理；产品/年龄决定变化时，受影响 LabelReview 必须失效并重审,cbcc5f4b7c3f592e38413b9d596c3359e8d627657aace631c5ac4dfa37889f17,
PRD-MAIN,ORG-COLLAB-001,table-row,12.1 范围、产品与结构,683,跨法人或跨实验室协同时，系统必须分别记录委托归属法人、收样实验室、执行实验室/工作中心、报告签发主体、计费主体及其授权依据；不得用一个“机构”字段覆盖不同责任,5b09595bea9c6fc7389343ac598999fb9be1190b5f0a8591e74598b2ff708efc,ORG-COLLAB-001@0.1.0
PRD-MAIN,ORG-STRUCT-001,table-row,12.1 范围、产品与结构,682,系统必须以 OrganizationGroup → LegalEntity → Laboratory → Department/WorkCenter 表达集团多机构层级、有效期和状态；一个部署只允许一个 OrganizationGroup，送检客户不得建模为组织集团或隔离租户,75db94de48ebe025a2783449abea7404fa95b6ae89656e1740df8a3b08c4fcd6,ATC-REC-001@0.1.0;ATC-REC-001@1.0.0;ATC-REC-002@0.1.0;ATC-REC-002@1.0.0;ATC-REC-003@0.1.0;ATC-REC-003@1.0.0;ORG-STRUCT-001@0.1.0
PRD-MAIN,RISK-001,table-row,21. 主要风险与缓解措施,1393,客户图片无法揭示隐藏结构,8ae9d6ecd6be0bf83d929f699df3961a3ce2af39ee7532631ceb237dcd7c1492,
PRD-MAIN,RISK-002,table-row,21. 主要风险与缓解措施,1394,人工将 AI 推断误作事实,eed595f278ee432742effad9ac6c6e14ef7ae3d606ff932ce2b83514b83341eb,
PRD-MAIN,RISK-003,table-row,21. 主要风险与缓解措施,1395,逻辑产品 BOM 与物理谱系混用,0db847e26c6031a292080e44b10fecaebffc78bf456b110558b9a2e64a09fdcb,
PRD-MAIN,RISK-004,table-row,21. 主要风险与缓解措施,1396,强制拆解破坏样品,44920e411d12b185fa0d90dc44740613b9540d2fee481db933ac61863feaea00,
PRD-MAIN,RISK-005,table-row,21. 主要风险与缓解措施,1397,复测后选择有利结果,d7ab67181a6b66a89ffc09f0aef517377353d6e776209e70d96aa60e5e21c4ac,
PRD-MAIN,RISK-006,table-row,21. 主要风险与缓解措施,1398,QC 形式审批后错误放行,617305ede0740e587e3efbc897107835f001bba393b4be58b99a65ab2067807a,
PRD-MAIN,RISK-007,table-row,21. 主要风险与缓解措施,1399,数量台账伪精确,08493b91c48b7968adda6a47d2ad7903a1edfca4f89e62eb785b1f394bf27904,
PRD-MAIN,RISK-008,table-row,21. 主要风险与缓解措施,1400,税票、LIMS 和 ERP 双主,ff0b047549df8c833e3e19f32646b6e4cfc210f7ac89c9a8604a1be8903f2dd3,
PRD-MAIN,RISK-009,table-row,21. 主要风险与缓解措施,1401,贷项与红票重复冲减,b906a535af68d8cd3641c52d5f55a1fc8dd3153ffb4a9e1365b618c0d4dcb1c6,
PRD-MAIN,RISK-010,table-row,21. 主要风险与缓解措施,1402,并发导致超额开票或核销,1a72c22efb0111dece9a3071fa26b85e898462b16355d4e6cffe08480d2a8bac,
PRD-MAIN,RISK-011,table-row,21. 主要风险与缓解措施,1403,集团内跨法人/实验室/客户附件越权，或集团外对象存储与 AI 检索数据平面串用,832c7c22b6599c1100575c6da16065e52da5a26f55f14f149e265825a4e6d1e2,
PRD-MAIN,RISK-012,table-row,21. 主要风险与缓解措施,1404,托管模型变更导致不可复现,0dac2127fa190c937f24bd8a6471ca291a62c567edc39e76bbd8fb0938427d31,
PRD-MAIN,RISK-013,table-row,21. 主要风险与缓解措施,1405,首期范围过大,7566d80d3eef3013f9e71df25f31d8ee5f1d5067992a677b65c4037d61822f05,
PRD-MAIN,RISK-014,table-row,21. 主要风险与缓解措施,1406,法规、签名或税务规则不明确,693defcca94b0fbb973d586ce34e8eac4ddaf86b06cd22be578151f63da03a64,
PRD-MAIN,RISK-015,table-row,21. 主要风险与缓解措施,1407,用 BOM/单一通用流程硬套五行业,c2cb491c8a6620607e5783fd10befe605064210feb9e9188409251809a06fdb2,
PRD-MAIN,RISK-016,table-row,21. 主要风险与缓解措施,1408,标准最新版、实施版、过渡版和客户指定版混用,7ca0c3ec9c4845153b86225573bdd3f51e1ba3c309b57695bb3976d7ccf251d6,
PRD-MAIN,RISK-017,table-row,21. 主要风险与缓解措施,1409,客户套餐、方法、限值和判定规则混为一体,4f432a933ffa2fbecb0995c4311967f55d9961b927b32a6c6fbd32769b735f57,
PRD-MAIN,RISK-018,table-row,21. 主要风险与缓解措施,1410,代表性覆盖无依据扩张,9058a5d1bc77aae288fbbdd96a88c3dca63b88fce111737c8fe8f507d9e27616,
PRD-MAIN,RISK-019,table-row,21. 主要风险与缓解措施,1411,认可范围简化为机构级标记,51e1c12f6051d44ecc2ae00e59a86570349282e7382fedf477cbdc196444bf32,
PRD-MAIN,RISK-020,table-row,21. 主要风险与缓解措施,1412,完整财务范围吞噬实验室主链,1bf16e1f3c30fc5a3bc3c4613756f0e3a85fba06993b11e1c86d117ac655e2ac,
PRD-MAIN,RISK-021,table-row,21. 主要风险与缓解措施,1413,完全排除方法执行记录导致化学结果不可复核,aa7ac2d0b0090fd223f2649df4743c117e8ca261cfa47126a9c0ae197596e915,
PRD-MAIN,RISK-022,table-row,21. 主要风险与缓解措施,1414,自定义配置过多导致每客户一套产品,d65d23518341e8c8c11433e07f8a81368c28b01b42257d71f06640eab4d86fb4,
PRD-MAIN,RISK-023,table-row,21. 主要风险与缓解措施,1415,集团多机构后补造成组织、责任归属、编号和权限重构,515c4583d3328b566f093533e14876af5ddb4750a5247d7ccbb9d7bc43a34a49,
PRD-MAIN,RISK-024,table-row,21. 主要风险与缓解措施,1416,直接控制高风险设备或存储全部高频点位,087cf42920f67680fee9d92c38b602b68e4e803397d54937157db44f732ccb17,
PRD-MAIN,RPT-CLAIM-001,table-row,12.7 报告,844,系统必须逐报告行校验认可标识、检测/符合性声明和分包披露；不得使用报告级单一“已认可”布尔值,399820baf9bcd3229d00623df3e84f41f3bee3ea754184c8fc8ece338d44ab9c,
PRD-MAIN,RPT-GATE-001,table-row,12.7 报告,842,系统必须在签发前校验计划完整性、结果唯一性、QC、异常、身份、方法、规格、分包披露和签字授权,8bde4f795440c06545729b77af4fa3c6d4aa2c3abd2547e2ba58b314713da876,
PRD-MAIN,RPT-GATE-002,table-row,12.7 报告,843,系统必须为每个阻断项返回对象、规则版本和允许的下一步,550ce5283de481ef11a01becdc2a1af62b233d7e5ceeed4dd02f25a677e006cc,
PRD-MAIN,RPT-SCOPE-001,table-row,12.7 报告,845,报告必须区分实际测试对象、经批准覆盖对象、未评价范围、客户声明和实验室结论,d1812a9e6bf49cab5eb23addb908056b1527c3d29ca6a5d3cc62970de9951a8d,
PRD-MAIN,RPT-SIGN-001,table-row,12.7 报告,846,系统必须将电子签名绑定到不可变报告内容哈希,2fa2718923ddc25ec9f0d081517772d85396f664891d5c53512ba97a4921630e,
PRD-MAIN,RPT-TRACE-001,table-row,12.7 报告,841,系统必须使每个报告行引用一个当前有效 ResultAdoption，并完整、无歧义地重建其全部 ResultInput/来源边、观测、运行、原始证据、贡献试样/实物、身份、范围行和要求选择快照；只有 `EVALUATED` 模式才必须追溯 ConformityDecision,1e46e966e8935c7a618355752cc738cecba6b86b172349c40560a0b46ac88d45,
PRD-MAIN,RPT-VERS-001,table-row,12.7 报告,847,系统必须通过新版本执行更正或补充,ee93aa9c97cb6522f79b5545c8581b6c9a6f59a9625917304e0e9142bff7fb03,
PRD-MAIN,RPT-VERS-002,table-row,12.7 报告,848,系统必须禁止删除或覆盖已签发报告版本,77230b8c13c59de0b11d5f73b45d4b34e2045813b163d806f0fc58c796853492,
PRD-MAIN,RPT-VERS-003,table-row,12.7 报告,849,系统必须使验证页显示当前有效版本、历史状态和替代关系,c9c418b030106162ada6f0a906ac53af2f233c12b9d6b05e6829273260ffa510,
PRD-MAIN,RPT-VERS-004,table-row,12.7 报告,850,系统不得使旧下载链接静默返回不同报告文件,2695601c1db8f669b4117b95077b37c0602e3e119914539e95515f0d2e96d792,
PRD-MAIN,RULE-001,table-row,18. 核心业务规则,1070,AI 近似报价 BOM 不得自动转为逻辑产品 BOM、检测分解或观察结构,0d1c4025a850250fae261c4603f1792b71873c86d6445f44a1b2d6f6683c2715,
PRD-MAIN,RULE-002,table-row,18. 核心业务规则,1071,客户 BOM 不得自动成为检测分解,a69b9da57f46e6ce9aa27725c1274bba4c304dae82db1833e8fb87485ac05ce1,
PRD-MAIN,RULE-003,table-row,18. 核心业务规则,1072,观察结构只表达已观察范围，不表达未观察内部结构,9a18657fe6a15936ed89ce677ef48cded4f3c8e8db5dc2c925a41b2737b37f41,
PRD-MAIN,RULE-004,table-row,18. 核心业务规则,1073,一个物理对象可映射其实际存在的多个产品/特征节点，但每个身份映射必须说明实际身份范围、版本和证据；任务使用必须由 TestObjectAllocation 表达，代表性必须由 CoverageDecision 表达；存在身份归属多义时必须阻断,bb3ad11883c364b8ba0b841124b6cc027289e54dae143572ed548d26b6f9f17b,RULE-004@0.1.0
PRD-MAIN,RULE-005,table-row,18. 核心业务规则,1074,一个报告行必须引用一个当前采用结果；采用结果可由多个贡献输入形成，但所有“观测/运行/试样—身份—送检项/特征—范围行—要求选择快照”来源链必须完整、无循环、无未解释歧义且使用受控聚合规则,1456ad437c061bb376474437ce5574d2300ceba00311f0b4bf0e3f61fe8ca388,
PRD-MAIN,RULE-006,table-row,18. 核心业务规则,1075,复合样结果不得在无批准代表性规则时下推到来源样或单体产品,0cf659a0b7a90a444be7637fdb3fdc2cb775953daa8b0da62716de1bd56310b6,
PRD-MAIN,RULE-007,table-row,18. 核心业务规则,1076,非破坏性使用不得伪造新的派生样品,a1cd55ca6b7ffa0a487110ca99a78e00eac8c688518888d85e2e297e371aa21c,
PRD-MAIN,RULE-008,table-row,18. 核心业务规则,1077,数量守恒公式为“输入＝可计量输出＋已记录损耗±允许公差”,28cb43ccc90d98a9883532d897212af5bb79289b7609057fc91735823a3f3842,
PRD-MAIN,RULE-009,table-row,18. 核心业务规则,1078,结果出现后不得临时选择有利的复测采用规则,f140900d36b13adca8f3dc7e5d333b381f32a50d862a6b37f6a2cd87b224d539,
PRD-MAIN,RULE-010,table-row,18. 核心业务规则,1079,QC 偏差获批不等于结果可报告,058c5b657bccdd67b9777a6f0ea99b1eedc3101be8e544618bad28008ff781bc,
PRD-MAIN,RULE-011,table-row,18. 核心业务规则,1080,取消、终止、撤回或关闭不得删除已发生事实和数量消耗,301e0b87321368cb4d1dcc381729a461506969753d3415ac7912b1636b8af4a9,
PRD-MAIN,RULE-012,table-row,18. 核心业务规则,1081,报告签发不自动等同于会计收入确认,f03a90964f6b57d323b2fa6bc369a5dfdb1f6dcfbd94951373759d26c5d64b7f,
PRD-MAIN,RULE-013,table-row,18. 核心业务规则,1082,一项经济冲减只能产生一次运营应收余额影响,5a617ace9dfd679ad459807426eddc94d1c573b728e76bf7196d3978a84bba53,
PRD-MAIN,RULE-014,table-row,18. 核心业务规则,1083,争议不改变原应收余额、法定到期日或法定账龄,ba3f6181972d078f0538fd28a494f7107f7a045a3a251c7d0f320f4d329cb3b9,
PRD-MAIN,RULE-015,table-row,18. 核心业务规则,1084,税票平台 HTTP 成功不等于法定发票开具成功,2ff0148f9eead53276cc05385c01b2a09b473ba2085ea98a82e529dfd92008e4,
PRD-MAIN,RULE-016,table-row,18. 核心业务规则,1085,ERP 同步失败不得回退已经发生的业务事实,08996c136ae8cecb52e1c81111c60fd5d108a3738f2003453b1fe1f3b4c31177,
PRD-MAIN,RULE-017,table-row,18. 核心业务规则,1086,关账后的迟到外部事实必须按开放期调整规则处理，不得丢弃或回写历史快照,6e66c8fa8427af6f45c661b7704e6d9fa656d8cf988b40d707e55b8a81bfb349,
PRD-MAIN,RULE-018,table-row,18. 核心业务规则,1087,标准“最新发布版”不得自动等同“当前适用版”；必须综合实施日期、过渡期、客户指定版、认证方案和委托冻结日期,5437c26624a78f5166744c0cf76019d14e54f8b38f427419e3a127905aaa893a,
PRD-MAIN,RULE-019,table-row,18. 核心业务规则,1088,检测套餐不得自动等同法规/标准，也不得把方法版本直接当作限值或符合性规则,466062b9bbea8bd6a5bb2e98b1e1d27cd3c161a3397078e754aec8fb1c6a334d,
PRD-MAIN,RULE-020,table-row,18. 核心业务规则,1089,未经批准的 CoverageDecision，单一样品/颜色/型号/材料/配置结果不得扩展到其他对象或危险域,3cc2167d9d0bf4a7f1885bba0f3bb194f8f5770878a08e3677315c0e3da6e4b4,
PRD-MAIN,RULE-021,table-row,18. 核心业务规则,1090,同一实物在顺序性非分离试验中的状态变化不得伪造为多个独立实物；产生可独立识别碎片或试样时才建立派生谱系,d6987a5db612b21d43f7ac1642295dc897eab23d1520de32d203ec5d8ce342aa,
PRD-MAIN,RULE-022,table-row,18. 核心业务规则,1091,批次 QC 或环境超差的影响必须传播到全部关联任务和结果，不得只处理发现异常的单个结果,b41bda4b9c6afe10de51f25748462c475677db34a127de0311dd6ba7aa56c2ee,
PRD-MAIN,RULE-023,table-row,18. 核心业务规则,1092,同一产品名称或型号但受试配置、硬件/固件、零件/图纸修订、批次或关键材料不同，不得默认共享结果,4b80d8c142b4b21aeb808e8889a7f00361cb835012a5c6181038f9796148fa18,
PRD-MAIN,RULE-024,table-row,18. 核心业务规则,1093,“单项符合”和“已测试范围符合”是 LIMS 内部受控结论；全面法规评估、声明和认证/证书只保存外部或另行授权流程的权威引用，不得由 LIMS 根据一组检测结果生成或提升,ccdf3b7fd0b3e87ff0823d583707fb92a8181d030176295001895cc3a68da430,
PRD-MAIN,RULE-025,table-row,18. 核心业务规则,1094,认可资格必须按报告行、实验室地点、方法/参数/量程、时间和签字人计算，不得用机构级标记放行,4882534471acf71ad0a7a8e849dbce05e44ba637a020eb747ee4b816e29a523e,
PRD-MAIN,RULE-026,table-row,18. 核心业务规则,1095,行业包或客户配置升级只对明确生效范围起作用；历史和在制对象按批准迁移/沿用策略处理,138639c246ce3e8fe979512d64e89d518bcf416fd7ecb5ca6616e7ddc556b121,ATC-REC-006@0.1.0;ATC-REC-006@1.0.0;RULE-026@0.1.0
PRD-MAIN,SEC-AUD-001,table-row,14. 权限、职责分离与电子签名,972,系统必须对新增、修改、状态转换、批准、下载、导出、扫描、标签重印、AI 运行和接口重放生成追加式审计事件,79bb14cf6bf64595ee7888ceba58bc8d33c85449aee4f66e8672727780ee5e2d,ATC-PLT-000@0.1.0;ATC-PLT-000@1.0.0;ATC-REC-001@0.1.0;ATC-REC-001@1.0.0;ATC-REC-002@0.1.0;ATC-REC-002@1.0.0;ATC-REC-003@0.1.0;ATC-REC-003@1.0.0;SEC-AUD-001@0.1.0;SEC-AUD-001@1.0.0
PRD-MAIN,SEC-AUD-002,table-row,14. 权限、职责分离与电子签名,973,系统必须使普通管理员无法修改或删除审计日志,60aff14a66c559bcf73b2b5dda0416c1aa15ff3df256ae53af25f70acb4ab871,
PRD-MAIN,SEC-AUD-003,table-row,14. 权限、职责分离与电子签名,974,系统必须通过哈希链、WORM 或经批准等效机制检测审计完整性破坏,98d7f414cd12feccccb95bafd1defe5e83f3351f4ec16f0705b081ac1f884105,
PRD-MAIN,SEC-AUTH-001,table-row,14. 权限、职责分离与电子签名,964,系统必须先校验由部署与受信身份绑定的集团上下文，再在服务端同时校验角色、对象、客户、法人、实验室、金额和授权有效期；客户端不得自行指定或覆盖集团上下文,cf10f589589e19290348efd37262215aa95c68c54880a6fd1fd085bff84ba435,ATC-REC-001@0.1.0;ATC-REC-001@1.0.0;SEC-AUTH-001@0.1.0
PRD-MAIN,SEC-AUTH-002,table-row,14. 权限、职责分离与电子签名,965,系统必须阻止检测人员复核被禁止自审的结果,1b69329937c36da250a9a0b1a38e1e3811afd46ada5ec547e4169f8aa3498ccf,
PRD-MAIN,SEC-AUTH-003,table-row,14. 权限、职责分离与电子签名,966,系统必须阻止开票申请人与最终审批人为同一人,5e00ae7e00b22e1d5c4e90a9c6e210e2c4baee6bf82cce6a1c2aa01c7bc16fca,
PRD-MAIN,SEC-AUTH-004,table-row,14. 权限、职责分离与电子签名,967,系统必须阻止收款登记人与受限核销审批人为同一人,def48a0a1848c0b015bc760df1a8f9cf80ea789f559c8c0ed8a6dc49d0a9b7f4,
PRD-MAIN,SEC-AUTH-005,table-row,14. 权限、职责分离与电子签名,968,系统必须阻止退款账户维护人与退款最终审批或执行人为同一人,30276f305b250159de928aa92e5ea11a03dd4445736e950b2ced986dc3f094ef,
PRD-MAIN,SEC-AUTH-006,table-row,14. 权限、职责分离与电子签名,969,系统必须按累计金额执行审批限额和反拆单控制,140324f6c728a82032d75d103e151f263d32e0aaa949dbb3dfd0e8f0c4aa1cd8,
PRD-MAIN,SEC-DEPLOY-001,table-row,14. 权限、职责分离与电子签名,963,每个生产部署必须只绑定一个 OrganizationGroup；不同集团的运行环境、数据库、对象存储、密钥、队列、检索/AI 和备份恢复必须独立，禁止共享 SaaS 多租户数据平面,c16fdea96ddb5b659a3504e6a8cbb2cf6d25fa9de71dabbf7c4202155a496cc9,ATC-PLT-000@0.1.0;ATC-PLT-000@1.0.0;SEC-DEPLOY-001@0.1.0;SEC-DEPLOY-001@1.0.0
PRD-MAIN,SEC-SIGN-001,table-row,14. 权限、职责分离与电子签名,970,系统必须要求受控批准或签发时重新认证并记录签署意图,b60fb7bad706e42254348c4aa485bb60edf2476c6a13a936a223c963a87e7f92,
PRD-MAIN,SEC-SIGN-002,table-row,14. 权限、职责分离与电子签名,971,系统必须在被签内容变化后使原签名失效并触发重新审批,804dcfa0d80e05b815f7075677509d2c62eb0db0389ccd68c96934fc5aa729c0,
